-- 2026_03_05_15_world.sql
-- NPC gossip text import from Wowhead scrape
-- Pipeline: broadcast_text → hotfix_data → npc_text → gossip_menu → creature_template_gossip

INSERT IGNORE INTO `hotfixes`.`broadcast_text` (`ID`,`Text`,`Text1`,`LanguageID`,`VerifiedBuild`) VALUES (1000000000,'I am Moorgoth the Death Hunter, stalker of the night and master of shadows. Would you like to browse my wares? * Uh, have we met before? Have you skirted the vast abyss of death? Have you stared entropy in the eye? Then you have met Moorgoth! Oh. Right. I guess you have, haven\'t you? I should have thought that through. I realize I didn\'t receive some divine calling to come here like some of the others, but I thought you would have need of my services. * Don\'t think I\'ve ever heard of "death hunters." There aren\'t a lot of us. That is to say, only a few. Okay, it\'s me and a couple buddies. But our ranks will grow! Our mandate is to patrol the shadowed roads of Azeroth and the realms beyond, keeping it safe for the innocent. And... Look, I\'m going to be honest. We just really, really think the dark rangers are amazing and we want to be near them. * Wait. What? I mean, just look at Velonara over there. She\'s like a dream! So brooding, so mysterious, so... dark. Have you worked with her before? What was it like? Say, have you two ever... Nevermind. Best not to know such things. The past is the past, and I need to focus on the future. My future with her. That\'s why I got all these black roses. I was going to give her a dozen, but that doesn\'t feel like quite enough to impress her. Say, would you talk to her? About me, I mean? Maybe bring her a gift? * I don\'t really want to get involved... That\'s fantastic! You\'re really the greatest. Oh, I hope Velonara has noticed me! * Well, it looks like I\'ll be speaking to her.','I am Moorgoth the Death Hunter, stalker of the night and master of shadows. Would you like to browse my wares? * Uh, have we met before? Have you skirted the vast abyss of death? Have you stared entropy in the eye? Then you have met Moorgoth! Oh. Right. I guess you have, haven\'t you? I should have thought that through. I realize I didn\'t receive some divine calling to come here like some of the others, but I thought you would have need of my services. * Don\'t think I\'ve ever heard of "death hunters." There aren\'t a lot of us. That is to say, only a few. Okay, it\'s me and a couple buddies. But our ranks will grow! Our mandate is to patrol the shadowed roads of Azeroth and the realms beyond, keeping it safe for the innocent. And... Look, I\'m going to be honest. We just really, really think the dark rangers are amazing and we want to be near them. * Wait. What? I mean, just look at Velonara over there. She\'s like a dream! So brooding, so mysterious, so... dark. Have you worked with her before? What was it like? Say, have you two ever... Nevermind. Best not to know such things. The past is the past, and I need to focus on the future. My future with her. That\'s why I got all these black roses. I was going to give her a dozen, but that doesn\'t feel like quite enough to impress her. Say, would you talk to her? About me, I mean? Maybe bring her a gift? * I don\'t really want to get involved... That\'s fantastic! You\'re really the greatest. Oh, I hope Velonara has noticed me! * Well, it looks like I\'ll be speaking to her.',0,0);
INSERT IGNORE INTO `hotfixes`.`hotfix_data` (`Id`,`UniqueId`,`TableHash`,`RecordId`,`Status`,`VerifiedBuild`) VALUES (17100394,17100394,35137211,1000000000,2,0);
INSERT IGNORE INTO `world`.`npc_text` (`ID`,`BroadcastTextID0`,`VerifiedBuild`) VALUES (1000000000,1000000000,0);
INSERT IGNORE INTO `world`.`gossip_menu` (`MenuID`,`TextID`) VALUES (1000000000,1000000000);
INSERT IGNORE INTO `world`.`creature_template_gossip` (`CreatureID`,`MenuID`) VALUES (100633,1000000000);
INSERT IGNORE INTO `hotfixes`.`broadcast_text` (`ID`,`Text`,`Text1`,`LanguageID`,`VerifiedBuild`) VALUES (1000000001,'Do not be alarmed. I am not as I appear. My name is Acridostrasz , though you may call me Acride. My Queen sent me here to stop Nefarian , and I will not rest until my task is complete. However, there are other foes here guarding his lair that I cannot take on alone. Help me dispose of them, and you will be in the favor of Alexstrasza . You may not know that name, but you will one day be thankful you do, of this I am certain.','Do not be alarmed. I am not as I appear. My name is Acridostrasz , though you may call me Acride. My Queen sent me here to stop Nefarian , and I will not rest until my task is complete. However, there are other foes here guarding his lair that I cannot take on alone. Help me dispose of them, and you will be in the favor of Alexstrasza . You may not know that name, but you will one day be thankful you do, of this I am certain.',0,0);
INSERT IGNORE INTO `hotfixes`.`hotfix_data` (`Id`,`UniqueId`,`TableHash`,`RecordId`,`Status`,`VerifiedBuild`) VALUES (17100395,17100395,35137211,1000000001,2,0);
INSERT IGNORE INTO `world`.`npc_text` (`ID`,`BroadcastTextID0`,`VerifiedBuild`) VALUES (1000000001,1000000001,0);
INSERT IGNORE INTO `world`.`gossip_menu` (`MenuID`,`TextID`) VALUES (1000000001,1000000001);
INSERT IGNORE INTO `world`.`creature_template_gossip` (`CreatureID`,`MenuID`) VALUES (10299,1000000001);
INSERT IGNORE INTO `hotfixes`.`broadcast_text` (`ID`,`Text`,`Text1`,`LanguageID`,`VerifiedBuild`) VALUES (1000000002,'Store list:','Store list:',0,0);
INSERT IGNORE INTO `hotfixes`.`hotfix_data` (`Id`,`UniqueId`,`TableHash`,`RecordId`,`Status`,`VerifiedBuild`) VALUES (17100396,17100396,35137211,1000000002,2,0);
INSERT IGNORE INTO `world`.`npc_text` (`ID`,`BroadcastTextID0`,`VerifiedBuild`) VALUES (1000000002,1000000002,0);
INSERT IGNORE INTO `world`.`gossip_menu` (`MenuID`,`TextID`) VALUES (1000000002,1000000002);
INSERT IGNORE INTO `world`.`creature_template_gossip` (`CreatureID`,`MenuID`) VALUES (108825,1000000002);
INSERT IGNORE INTO `hotfixes`.`broadcast_text` (`ID`,`Text`,`Text1`,`LanguageID`,`VerifiedBuild`) VALUES (1000000003,'Ok... let me explain Blackrock Spire right fast for the people having difficulty finding him. There are 2 different parts of (BRS)... there\'s Lower Blackrock Spire (LBRS) and Upper Blackrock Spire(UBRS). Lower blackrock spire has the troll boss, the spider boss, the ogres and wyrmkin. Upper blackrock spire has anvilcrack, rend, beast and Drak. You cannot get into UBRS without having the key provided by collecting all 4 gems from LBRS and forging them into the unadorned seal using Emberstrife\'s firebreath. Once you have the forged seal of ascension (a ring at this point), when you enter BRS, turn left up the steps of the crossing bridge in the main entrance room and you\'ll find a ramp leading up to a closed door. As you approach, if you have the seal, the fires on each side will ignite and the door to UBRS will open. If you see dragonkin, you\'re in the right place. Welcome to UBRS.','Ok... let me explain Blackrock Spire right fast for the people having difficulty finding him. There are 2 different parts of (BRS)... there\'s Lower Blackrock Spire (LBRS) and Upper Blackrock Spire(UBRS). Lower blackrock spire has the troll boss, the spider boss, the ogres and wyrmkin. Upper blackrock spire has anvilcrack, rend, beast and Drak. You cannot get into UBRS without having the key provided by collecting all 4 gems from LBRS and forging them into the unadorned seal using Emberstrife\'s firebreath. Once you have the forged seal of ascension (a ring at this point), when you enter BRS, turn left up the steps of the crossing bridge in the main entrance room and you\'ll find a ramp leading up to a closed door. As you approach, if you have the seal, the fires on each side will ignite and the door to UBRS will open. If you see dragonkin, you\'re in the right place. Welcome to UBRS.',0,0);
INSERT IGNORE INTO `hotfixes`.`hotfix_data` (`Id`,`UniqueId`,`TableHash`,`RecordId`,`Status`,`VerifiedBuild`) VALUES (17100397,17100397,35137211,1000000003,2,0);
INSERT IGNORE INTO `world`.`npc_text` (`ID`,`BroadcastTextID0`,`VerifiedBuild`) VALUES (1000000003,1000000003,0);
INSERT IGNORE INTO `world`.`gossip_menu` (`MenuID`,`TextID`) VALUES (1000000003,1000000003);
INSERT IGNORE INTO `world`.`creature_template_gossip` (`CreatureID`,`MenuID`) VALUES (10899,1000000003);
INSERT IGNORE INTO `hotfixes`.`broadcast_text` (`ID`,`Text`,`Text1`,`LanguageID`,`VerifiedBuild`) VALUES (1000000004,'This is another reference to the movie Forest Gump . If you say his title then last name its Florist Gump.','This is another reference to the movie Forest Gump . If you say his title then last name its Florist Gump.',0,0);
INSERT IGNORE INTO `hotfixes`.`hotfix_data` (`Id`,`UniqueId`,`TableHash`,`RecordId`,`Status`,`VerifiedBuild`) VALUES (17100398,17100398,35137211,1000000004,2,0);
INSERT IGNORE INTO `world`.`npc_text` (`ID`,`BroadcastTextID0`,`VerifiedBuild`) VALUES (1000000004,1000000004,0);
INSERT IGNORE INTO `world`.`gossip_menu` (`MenuID`,`TextID`) VALUES (1000000004,1000000004);
INSERT IGNORE INTO `world`.`creature_template_gossip` (`CreatureID`,`MenuID`) VALUES (1302,1000000004);
INSERT IGNORE INTO `hotfixes`.`broadcast_text` (`ID`,`Text`,`Text1`,`LanguageID`,`VerifiedBuild`) VALUES (1000000005,'/way Dazar\'Alor:Zuldazar 38.08 14.14','/way Dazar\'Alor:Zuldazar 38.08 14.14',0,0);
INSERT IGNORE INTO `hotfixes`.`hotfix_data` (`Id`,`UniqueId`,`TableHash`,`RecordId`,`Status`,`VerifiedBuild`) VALUES (17100399,17100399,35137211,1000000005,2,0);
INSERT IGNORE INTO `world`.`npc_text` (`ID`,`BroadcastTextID0`,`VerifiedBuild`) VALUES (1000000005,1000000005,0);
INSERT IGNORE INTO `world`.`gossip_menu` (`MenuID`,`TextID`) VALUES (1000000005,1000000005);
INSERT IGNORE INTO `world`.`creature_template_gossip` (`CreatureID`,`MenuID`) VALUES (131741,1000000005);
INSERT IGNORE INTO `hotfixes`.`broadcast_text` (`ID`,`Text`,`Text1`,`LanguageID`,`VerifiedBuild`) VALUES (1000000006,'TomTom: /way Tiragarde Sound 74.1 25.8 Vindicator Jaelaana','TomTom: /way Tiragarde Sound 74.1 25.8 Vindicator Jaelaana',0,0);
INSERT IGNORE INTO `hotfixes`.`hotfix_data` (`Id`,`UniqueId`,`TableHash`,`RecordId`,`Status`,`VerifiedBuild`) VALUES (17100400,17100400,35137211,1000000006,2,0);
INSERT IGNORE INTO `world`.`npc_text` (`ID`,`BroadcastTextID0`,`VerifiedBuild`) VALUES (1000000006,1000000006,0);
INSERT IGNORE INTO `world`.`gossip_menu` (`MenuID`,`TextID`) VALUES (1000000006,1000000006);
INSERT IGNORE INTO `world`.`creature_template_gossip` (`CreatureID`,`MenuID`) VALUES (135446,1000000006);
INSERT IGNORE INTO `hotfixes`.`broadcast_text` (`ID`,`Text`,`Text1`,`LanguageID`,`VerifiedBuild`) VALUES (1000000007,'/way 76.85 11.22','/way 76.85 11.22',0,0);
INSERT IGNORE INTO `hotfixes`.`hotfix_data` (`Id`,`UniqueId`,`TableHash`,`RecordId`,`Status`,`VerifiedBuild`) VALUES (17100401,17100401,35137211,1000000007,2,0);
INSERT IGNORE INTO `world`.`npc_text` (`ID`,`BroadcastTextID0`,`VerifiedBuild`) VALUES (1000000007,1000000007,0);
INSERT IGNORE INTO `world`.`gossip_menu` (`MenuID`,`TextID`) VALUES (1000000007,1000000007);
INSERT IGNORE INTO `world`.`creature_template_gossip` (`CreatureID`,`MenuID`) VALUES (136071,1000000007);
INSERT IGNORE INTO `hotfixes`.`broadcast_text` (`ID`,`Text`,`Text1`,`LanguageID`,`VerifiedBuild`) VALUES (1000000008,'He\'s a bit of a conspiracy nut. Don\'t laugh at his maps and notes. He takes that stuff very seriously and he\'s a nice guy.','He\'s a bit of a conspiracy nut. Don\'t laugh at his maps and notes. He takes that stuff very seriously and he\'s a nice guy.',0,0);
INSERT IGNORE INTO `hotfixes`.`hotfix_data` (`Id`,`UniqueId`,`TableHash`,`RecordId`,`Status`,`VerifiedBuild`) VALUES (17100402,17100402,35137211,1000000008,2,0);
INSERT IGNORE INTO `world`.`npc_text` (`ID`,`BroadcastTextID0`,`VerifiedBuild`) VALUES (1000000008,1000000008,0);
INSERT IGNORE INTO `world`.`gossip_menu` (`MenuID`,`TextID`) VALUES (1000000008,1000000008);
INSERT IGNORE INTO `world`.`creature_template_gossip` (`CreatureID`,`MenuID`) VALUES (142095,1000000008);
INSERT IGNORE INTO `hotfixes`.`broadcast_text` (`ID`,`Text`,`Text1`,`LanguageID`,`VerifiedBuild`) VALUES (1000000009,'I find it kind of lame how she is deep in contested territory (in PvP realms) close to the Barrens, while the Horde Counterpart is easily accessible to all Horde players in their own territory. I know Ally has advantages, it\'s just a pain to \'mount up\' on my 19 twink and hoof it ALL the way down there from Astranaar, ducking 30s and 40s, while they have nothing besides environment to worry about -_-','I find it kind of lame how she is deep in contested territory (in PvP realms) close to the Barrens, while the Horde Counterpart is easily accessible to all Horde players in their own territory. I know Ally has advantages, it\'s just a pain to \'mount up\' on my 19 twink and hoof it ALL the way down there from Astranaar, ducking 30s and 40s, while they have nothing besides environment to worry about -_-',0,0);
INSERT IGNORE INTO `hotfixes`.`hotfix_data` (`Id`,`UniqueId`,`TableHash`,`RecordId`,`Status`,`VerifiedBuild`) VALUES (17100403,17100403,35137211,1000000009,2,0);
INSERT IGNORE INTO `world`.`npc_text` (`ID`,`BroadcastTextID0`,`VerifiedBuild`) VALUES (1000000009,1000000009,0);
INSERT IGNORE INTO `world`.`gossip_menu` (`MenuID`,`TextID`) VALUES (1000000009,1000000009);
INSERT IGNORE INTO `world`.`creature_template_gossip` (`CreatureID`,`MenuID`) VALUES (14753,1000000009);
INSERT IGNORE INTO `hotfixes`.`broadcast_text` (`ID`,`Text`,`Text1`,`LanguageID`,`VerifiedBuild`) VALUES (1000000010,'Maedin says: Gral does love knowing things, almost as much as Torga loves his stories, and he\'s not as cranky as he seems. Folks would come from all around to share their experiences with him. Maedin says: When his temple was destroyed by the naga, this was the one place he couldn\'t go. He could feel the pain here... the loss... but the master of this place kept prying eyes out for so long. Maedin says: I knew someone had to be in this place, to remember and to learn what he could not.','Maedin says: Gral does love knowing things, almost as much as Torga loves his stories, and he\'s not as cranky as he seems. Folks would come from all around to share their experiences with him. Maedin says: When his temple was destroyed by the naga, this was the one place he couldn\'t go. He could feel the pain here... the loss... but the master of this place kept prying eyes out for so long. Maedin says: I knew someone had to be in this place, to remember and to learn what he could not.',0,0);
INSERT IGNORE INTO `hotfixes`.`hotfix_data` (`Id`,`UniqueId`,`TableHash`,`RecordId`,`Status`,`VerifiedBuild`) VALUES (17100404,17100404,35137211,1000000010,2,0);
INSERT IGNORE INTO `world`.`npc_text` (`ID`,`BroadcastTextID0`,`VerifiedBuild`) VALUES (1000000010,1000000010,0);
INSERT IGNORE INTO `world`.`gossip_menu` (`MenuID`,`TextID`) VALUES (1000000010,1000000010);
INSERT IGNORE INTO `world`.`creature_template_gossip` (`CreatureID`,`MenuID`) VALUES (150344,1000000010);
INSERT IGNORE INTO `hotfixes`.`broadcast_text` (`ID`,`Text`,`Text1`,`LanguageID`,`VerifiedBuild`) VALUES (1000000011,'/way 51.25, 43.07 Ta\'lan the Antiquary','/way 51.25, 43.07 Ta\'lan the Antiquary',0,0);
INSERT IGNORE INTO `hotfixes`.`hotfix_data` (`Id`,`UniqueId`,`TableHash`,`RecordId`,`Status`,`VerifiedBuild`) VALUES (17100405,17100405,35137211,1000000011,2,0);
INSERT IGNORE INTO `world`.`npc_text` (`ID`,`BroadcastTextID0`,`VerifiedBuild`) VALUES (1000000011,1000000011,0);
INSERT IGNORE INTO `world`.`gossip_menu` (`MenuID`,`TextID`) VALUES (1000000011,1000000011);
INSERT IGNORE INTO `world`.`creature_template_gossip` (`CreatureID`,`MenuID`) VALUES (167881,1000000011);
INSERT IGNORE INTO `hotfixes`.`broadcast_text` (`ID`,`Text`,`Text1`,`LanguageID`,`VerifiedBuild`) VALUES (1000000012,'It was good seing you again.','It was good seing you again.',0,0);
INSERT IGNORE INTO `hotfixes`.`hotfix_data` (`Id`,`UniqueId`,`TableHash`,`RecordId`,`Status`,`VerifiedBuild`) VALUES (17100406,17100406,35137211,1000000012,2,0);
INSERT IGNORE INTO `world`.`npc_text` (`ID`,`BroadcastTextID0`,`VerifiedBuild`) VALUES (1000000012,1000000012,0);
INSERT IGNORE INTO `world`.`gossip_menu` (`MenuID`,`TextID`) VALUES (1000000012,1000000012);
INSERT IGNORE INTO `world`.`creature_template_gossip` (`CreatureID`,`MenuID`) VALUES (173819,1000000012);
INSERT IGNORE INTO `hotfixes`.`broadcast_text` (`ID`,`Text`,`Text1`,`LanguageID`,`VerifiedBuild`) VALUES (1000000013,'Ol\' Griftah ain\'t never seen a place like dis before! <Griftah waves a hand at you, leaning in to whisper.> Shh! Keep it down! Dese brokers be offerin\' all kinda tings for us "mortals," and I be tryin\' ta find out just what dose tings be. Maybe ol\' Griftah be findin\' some new amulets ta sell, eh? Heh.','Ol\' Griftah ain\'t never seen a place like dis before! <Griftah waves a hand at you, leaning in to whisper.> Shh! Keep it down! Dese brokers be offerin\' all kinda tings for us "mortals," and I be tryin\' ta find out just what dose tings be. Maybe ol\' Griftah be findin\' some new amulets ta sell, eh? Heh.',0,0);
INSERT IGNORE INTO `hotfixes`.`hotfix_data` (`Id`,`UniqueId`,`TableHash`,`RecordId`,`Status`,`VerifiedBuild`) VALUES (17100407,17100407,35137211,1000000013,2,0);
INSERT IGNORE INTO `world`.`npc_text` (`ID`,`BroadcastTextID0`,`VerifiedBuild`) VALUES (1000000013,1000000013,0);
INSERT IGNORE INTO `world`.`gossip_menu` (`MenuID`,`TextID`) VALUES (1000000013,1000000013);
INSERT IGNORE INTO `world`.`creature_template_gossip` (`CreatureID`,`MenuID`) VALUES (176197,1000000013);
INSERT IGNORE INTO `hotfixes`.`broadcast_text` (`ID`,`Text`,`Text1`,`LanguageID`,`VerifiedBuild`) VALUES (1000000014,'Finally free! I saw visions of my afterlife in there! Took me forever to decide on a Covenant...','Finally free! I saw visions of my afterlife in there! Took me forever to decide on a Covenant...',0,0);
INSERT IGNORE INTO `hotfixes`.`hotfix_data` (`Id`,`UniqueId`,`TableHash`,`RecordId`,`Status`,`VerifiedBuild`) VALUES (17100408,17100408,35137211,1000000014,2,0);
INSERT IGNORE INTO `world`.`npc_text` (`ID`,`BroadcastTextID0`,`VerifiedBuild`) VALUES (1000000014,1000000014,0);
INSERT IGNORE INTO `world`.`gossip_menu` (`MenuID`,`TextID`) VALUES (1000000014,1000000014);
INSERT IGNORE INTO `world`.`creature_template_gossip` (`CreatureID`,`MenuID`) VALUES (189545,1000000014);
INSERT IGNORE INTO `hotfixes`.`broadcast_text` (`ID`,`Text`,`Text1`,`LanguageID`,`VerifiedBuild`) VALUES (1000000015,'Ah, smell that fresh ocean breeze. Even the sulphur reminds me of home on the mountain. Is there anything more relaxing than fishing?','Ah, smell that fresh ocean breeze. Even the sulphur reminds me of home on the mountain. Is there anything more relaxing than fishing?',0,0);
INSERT IGNORE INTO `hotfixes`.`hotfix_data` (`Id`,`UniqueId`,`TableHash`,`RecordId`,`Status`,`VerifiedBuild`) VALUES (17100409,17100409,35137211,1000000015,2,0);
INSERT IGNORE INTO `world`.`npc_text` (`ID`,`BroadcastTextID0`,`VerifiedBuild`) VALUES (1000000015,1000000015,0);
INSERT IGNORE INTO `world`.`gossip_menu` (`MenuID`,`TextID`) VALUES (1000000015,1000000015);
INSERT IGNORE INTO `world`.`creature_template_gossip` (`CreatureID`,`MenuID`) VALUES (190524,1000000015);
INSERT IGNORE INTO `hotfixes`.`broadcast_text` (`ID`,`Text`,`Text1`,`LanguageID`,`VerifiedBuild`) VALUES (1000000016,'Just imagine the kind of fish we might find here! Dragon fish! Proto-dragon-fish! Or better yet--forbidden fish the dragons have been hiding away for centuries!','Just imagine the kind of fish we might find here! Dragon fish! Proto-dragon-fish! Or better yet--forbidden fish the dragons have been hiding away for centuries!',0,0);
INSERT IGNORE INTO `hotfixes`.`hotfix_data` (`Id`,`UniqueId`,`TableHash`,`RecordId`,`Status`,`VerifiedBuild`) VALUES (17100410,17100410,35137211,1000000016,2,0);
INSERT IGNORE INTO `world`.`npc_text` (`ID`,`BroadcastTextID0`,`VerifiedBuild`) VALUES (1000000016,1000000016,0);
INSERT IGNORE INTO `world`.`gossip_menu` (`MenuID`,`TextID`) VALUES (1000000016,1000000016);
INSERT IGNORE INTO `world`.`creature_template_gossip` (`CreatureID`,`MenuID`) VALUES (191150,1000000016);
INSERT IGNORE INTO `hotfixes`.`broadcast_text` (`ID`,`Text`,`Text1`,`LanguageID`,`VerifiedBuild`) VALUES (1000000017,'How do I weave beauty out of delicate cloth, with these sharp claws? Carefully. Very carefully.','How do I weave beauty out of delicate cloth, with these sharp claws? Carefully. Very carefully.',0,0);
INSERT IGNORE INTO `hotfixes`.`hotfix_data` (`Id`,`UniqueId`,`TableHash`,`RecordId`,`Status`,`VerifiedBuild`) VALUES (17100411,17100411,35137211,1000000017,2,0);
INSERT IGNORE INTO `world`.`npc_text` (`ID`,`BroadcastTextID0`,`VerifiedBuild`) VALUES (1000000017,1000000017,0);
INSERT IGNORE INTO `world`.`gossip_menu` (`MenuID`,`TextID`) VALUES (1000000017,1000000017);
INSERT IGNORE INTO `world`.`creature_template_gossip` (`CreatureID`,`MenuID`) VALUES (191894,1000000017);
INSERT IGNORE INTO `hotfixes`.`broadcast_text` (`ID`,`Text`,`Text1`,`LanguageID`,`VerifiedBuild`) VALUES (1000000018,'I carefully craft an outfit for every island I visit. I call this mesmerizing ensemble the "Dragon\'s Grin."','I carefully craft an outfit for every island I visit. I call this mesmerizing ensemble the "Dragon\'s Grin."',0,0);
INSERT IGNORE INTO `hotfixes`.`hotfix_data` (`Id`,`UniqueId`,`TableHash`,`RecordId`,`Status`,`VerifiedBuild`) VALUES (17100412,17100412,35137211,1000000018,2,0);
INSERT IGNORE INTO `world`.`npc_text` (`ID`,`BroadcastTextID0`,`VerifiedBuild`) VALUES (1000000018,1000000018,0);
INSERT IGNORE INTO `world`.`gossip_menu` (`MenuID`,`TextID`) VALUES (1000000018,1000000018);
INSERT IGNORE INTO `world`.`creature_template_gossip` (`CreatureID`,`MenuID`) VALUES (192565,1000000018);
INSERT IGNORE INTO `hotfixes`.`broadcast_text` (`ID`,`Text`,`Text1`,`LanguageID`,`VerifiedBuild`) VALUES (1000000019,'<Head Chef Stacks greets you with a hearty clang of an oven door and some enthusiastic spatula-waving. Or at least, you\'re pretty sure it\'s a greeting.>','<Head Chef Stacks greets you with a hearty clang of an oven door and some enthusiastic spatula-waving. Or at least, you\'re pretty sure it\'s a greeting.>',0,0);
INSERT IGNORE INTO `hotfixes`.`hotfix_data` (`Id`,`UniqueId`,`TableHash`,`RecordId`,`Status`,`VerifiedBuild`) VALUES (17100413,17100413,35137211,1000000019,2,0);
INSERT IGNORE INTO `world`.`npc_text` (`ID`,`BroadcastTextID0`,`VerifiedBuild`) VALUES (1000000019,1000000019,0);
INSERT IGNORE INTO `world`.`gossip_menu` (`MenuID`,`TextID`) VALUES (1000000019,1000000019);
INSERT IGNORE INTO `world`.`creature_template_gossip` (`CreatureID`,`MenuID`) VALUES (198094,1000000019);
INSERT IGNORE INTO `hotfixes`.`broadcast_text` (`ID`,`Text`,`Text1`,`LanguageID`,`VerifiedBuild`) VALUES (1000000020,'Time to expand my ice cream empire. Tigule is going down!','Time to expand my ice cream empire. Tigule is going down!',0,0);
INSERT IGNORE INTO `hotfixes`.`hotfix_data` (`Id`,`UniqueId`,`TableHash`,`RecordId`,`Status`,`VerifiedBuild`) VALUES (17100414,17100414,35137211,1000000020,2,0);
INSERT IGNORE INTO `world`.`npc_text` (`ID`,`BroadcastTextID0`,`VerifiedBuild`) VALUES (1000000020,1000000020,0);
INSERT IGNORE INTO `world`.`gossip_menu` (`MenuID`,`TextID`) VALUES (1000000020,1000000020);
INSERT IGNORE INTO `world`.`creature_template_gossip` (`CreatureID`,`MenuID`) VALUES (229998,1000000020);
INSERT IGNORE INTO `hotfixes`.`broadcast_text` (`ID`,`Text`,`Text1`,`LanguageID`,`VerifiedBuild`) VALUES (1000000021,'Location video: https://www.youtube.com/watch?v=tqjxoZlRgk4','Location video: https://www.youtube.com/watch?v=tqjxoZlRgk4',0,0);
INSERT IGNORE INTO `hotfixes`.`hotfix_data` (`Id`,`UniqueId`,`TableHash`,`RecordId`,`Status`,`VerifiedBuild`) VALUES (17100415,17100415,35137211,1000000021,2,0);
INSERT IGNORE INTO `world`.`npc_text` (`ID`,`BroadcastTextID0`,`VerifiedBuild`) VALUES (1000000021,1000000021,0);
INSERT IGNORE INTO `world`.`gossip_menu` (`MenuID`,`TextID`) VALUES (1000000021,1000000021);
INSERT IGNORE INTO `world`.`creature_template_gossip` (`CreatureID`,`MenuID`) VALUES (251405,1000000021);
INSERT IGNORE INTO `hotfixes`.`broadcast_text` (`ID`,`Text`,`Text1`,`LanguageID`,`VerifiedBuild`) VALUES (1000000022,'While Lilleth sounds Hebrew-English, Radescu is a Romanian name 100%. Many common last names in Romania end in -escu as it is a patronymic. Kind of like how most Danish names end in -sen, Swedish end in -son, Polish end in -sky, but also work with prefix patronymic such as Irish O\'Riley or Scottish MacKenzie/McKenzie.','While Lilleth sounds Hebrew-English, Radescu is a Romanian name 100%. Many common last names in Romania end in -escu as it is a patronymic. Kind of like how most Danish names end in -sen, Swedish end in -son, Polish end in -sky, but also work with prefix patronymic such as Irish O\'Riley or Scottish MacKenzie/McKenzie.',0,0);
INSERT IGNORE INTO `hotfixes`.`hotfix_data` (`Id`,`UniqueId`,`TableHash`,`RecordId`,`Status`,`VerifiedBuild`) VALUES (17100416,17100416,35137211,1000000022,2,0);
INSERT IGNORE INTO `world`.`npc_text` (`ID`,`BroadcastTextID0`,`VerifiedBuild`) VALUES (1000000022,1000000022,0);
INSERT IGNORE INTO `world`.`gossip_menu` (`MenuID`,`TextID`) VALUES (1000000022,1000000022);
INSERT IGNORE INTO `world`.`creature_template_gossip` (`CreatureID`,`MenuID`) VALUES (26844,1000000022);
INSERT IGNORE INTO `hotfixes`.`broadcast_text` (`ID`,`Text`,`Text1`,`LanguageID`,`VerifiedBuild`) VALUES (1000000023,'World of Warcraft PTR Patch 3.0.8 PvP: Players can visit their respective Wintergrasp vendors and put those Marks of Honor to use!','World of Warcraft PTR Patch 3.0.8 PvP: Players can visit their respective Wintergrasp vendors and put those Marks of Honor to use!',0,0);
INSERT IGNORE INTO `hotfixes`.`hotfix_data` (`Id`,`UniqueId`,`TableHash`,`RecordId`,`Status`,`VerifiedBuild`) VALUES (17100417,17100417,35137211,1000000023,2,0);
INSERT IGNORE INTO `world`.`npc_text` (`ID`,`BroadcastTextID0`,`VerifiedBuild`) VALUES (1000000023,1000000023,0);
INSERT IGNORE INTO `world`.`gossip_menu` (`MenuID`,`TextID`) VALUES (1000000023,1000000023);
INSERT IGNORE INTO `world`.`creature_template_gossip` (`CreatureID`,`MenuID`) VALUES (30488,1000000023);
INSERT IGNORE INTO `hotfixes`.`broadcast_text` (`ID`,`Text`,`Text1`,`LanguageID`,`VerifiedBuild`) VALUES (1000000024,'No flights out right now, $R. By order of Garrosh, these windriders are for military use only until the night elves are wiped out.','No flights out right now, $R. By order of Garrosh, these windriders are for military use only until the night elves are wiped out.',0,0);
INSERT IGNORE INTO `hotfixes`.`hotfix_data` (`Id`,`UniqueId`,`TableHash`,`RecordId`,`Status`,`VerifiedBuild`) VALUES (17100418,17100418,35137211,1000000024,2,0);
INSERT IGNORE INTO `world`.`npc_text` (`ID`,`BroadcastTextID0`,`VerifiedBuild`) VALUES (1000000024,1000000024,0);
INSERT IGNORE INTO `world`.`gossip_menu` (`MenuID`,`TextID`) VALUES (1000000024,1000000024);
INSERT IGNORE INTO `world`.`creature_template_gossip` (`CreatureID`,`MenuID`) VALUES (33345,1000000024);
INSERT IGNORE INTO `hotfixes`.`broadcast_text` (`ID`,`Text`,`Text1`,`LanguageID`,`VerifiedBuild`) VALUES (1000000025,'Fizzle & Pozzik\'s Speedbarge my sweet patootie! I built this thing! Not them, not Razzeric! It should be called Jinky\'s Speedbarge!','Fizzle & Pozzik\'s Speedbarge my sweet patootie! I built this thing! Not them, not Razzeric! It should be called Jinky\'s Speedbarge!',0,0);
INSERT IGNORE INTO `hotfixes`.`hotfix_data` (`Id`,`UniqueId`,`TableHash`,`RecordId`,`Status`,`VerifiedBuild`) VALUES (17100419,17100419,35137211,1000000025,2,0);
INSERT IGNORE INTO `world`.`npc_text` (`ID`,`BroadcastTextID0`,`VerifiedBuild`) VALUES (1000000025,1000000025,0);
INSERT IGNORE INTO `world`.`gossip_menu` (`MenuID`,`TextID`) VALUES (1000000025,1000000025);
INSERT IGNORE INTO `world`.`creature_template_gossip` (`CreatureID`,`MenuID`) VALUES (40475,1000000025);
INSERT IGNORE INTO `hotfixes`.`broadcast_text` (`ID`,`Text`,`Text1`,`LanguageID`,`VerifiedBuild`) VALUES (1000000026,'Feeding a Horde army is no easy task. I have lots to do, do you have time to help?','Feeding a Horde army is no easy task. I have lots to do, do you have time to help?',0,0);
INSERT IGNORE INTO `hotfixes`.`hotfix_data` (`Id`,`UniqueId`,`TableHash`,`RecordId`,`Status`,`VerifiedBuild`) VALUES (17100420,17100420,35137211,1000000026,2,0);
INSERT IGNORE INTO `world`.`npc_text` (`ID`,`BroadcastTextID0`,`VerifiedBuild`) VALUES (1000000026,1000000026,0);
INSERT IGNORE INTO `world`.`gossip_menu` (`MenuID`,`TextID`) VALUES (1000000026,1000000026);
INSERT IGNORE INTO `world`.`creature_template_gossip` (`CreatureID`,`MenuID`) VALUES (42506,1000000026);
INSERT IGNORE INTO `hotfixes`.`broadcast_text` (`ID`,`Text`,`Text1`,`LanguageID`,`VerifiedBuild`) VALUES (1000000027,'Isabel seems to be trying awfully hard to impress this Lila girl. Could she be WoW\'s first openly gay NPC? :)','Isabel seems to be trying awfully hard to impress this Lila girl. Could she be WoW\'s first openly gay NPC? :)',0,0);
INSERT IGNORE INTO `hotfixes`.`hotfix_data` (`Id`,`UniqueId`,`TableHash`,`RecordId`,`Status`,`VerifiedBuild`) VALUES (17100421,17100421,35137211,1000000027,2,0);
INSERT IGNORE INTO `world`.`npc_text` (`ID`,`BroadcastTextID0`,`VerifiedBuild`) VALUES (1000000027,1000000027,0);
INSERT IGNORE INTO `world`.`gossip_menu` (`MenuID`,`TextID`) VALUES (1000000027,1000000027);
INSERT IGNORE INTO `world`.`creature_template_gossip` (`CreatureID`,`MenuID`) VALUES (50480,1000000027);
INSERT IGNORE INTO `hotfixes`.`broadcast_text` (`ID`,`Text`,`Text1`,`LanguageID`,`VerifiedBuild`) VALUES (1000000028,'You can tell a lot about a designer in how they weave their fabric together. Yours has the look of function over pride. Tightly sealed with mana infused right into the fabric. Impressive, though it could benefit from an artistic hand.','You can tell a lot about a designer in how they weave their fabric together. Yours has the look of function over pride. Tightly sealed with mana infused right into the fabric. Impressive, though it could benefit from an artistic hand.',0,0);
INSERT IGNORE INTO `hotfixes`.`hotfix_data` (`Id`,`UniqueId`,`TableHash`,`RecordId`,`Status`,`VerifiedBuild`) VALUES (17100422,17100422,35137211,1000000028,2,0);
INSERT IGNORE INTO `world`.`npc_text` (`ID`,`BroadcastTextID0`,`VerifiedBuild`) VALUES (1000000028,1000000028,0);
INSERT IGNORE INTO `world`.`gossip_menu` (`MenuID`,`TextID`) VALUES (1000000028,1000000028);
INSERT IGNORE INTO `world`.`creature_template_gossip` (`CreatureID`,`MenuID`) VALUES (57433,1000000028);
INSERT IGNORE INTO `hotfixes`.`broadcast_text` (`ID`,`Text`,`Text1`,`LanguageID`,`VerifiedBuild`) VALUES (1000000029,'By RaiGuthix (390 – 7) 2 days ago (Patch 4.3.2) Report I was asking about this the other day, the GM said there would be replicas that every1 can purchase for transmog, know if theres any word on that?','By RaiGuthix (390 – 7) 2 days ago (Patch 4.3.2) Report I was asking about this the other day, the GM said there would be replicas that every1 can purchase for transmog, know if theres any word on that?',0,0);
INSERT IGNORE INTO `hotfixes`.`hotfix_data` (`Id`,`UniqueId`,`TableHash`,`RecordId`,`Status`,`VerifiedBuild`) VALUES (17100423,17100423,35137211,1000000029,2,0);
INSERT IGNORE INTO `world`.`npc_text` (`ID`,`BroadcastTextID0`,`VerifiedBuild`) VALUES (1000000029,1000000029,0);
INSERT IGNORE INTO `world`.`gossip_menu` (`MenuID`,`TextID`) VALUES (1000000029,1000000029);
INSERT IGNORE INTO `world`.`creature_template_gossip` (`CreatureID`,`MenuID`) VALUES (58152,1000000029);
INSERT IGNORE INTO `hotfixes`.`broadcast_text` (`ID`,`Text`,`Text1`,`LanguageID`,`VerifiedBuild`) VALUES (1000000030,'Banquet of the Steamer','Banquet of the Steamer',0,0);
INSERT IGNORE INTO `hotfixes`.`hotfix_data` (`Id`,`UniqueId`,`TableHash`,`RecordId`,`Status`,`VerifiedBuild`) VALUES (17100424,17100424,35137211,1000000030,2,0);
INSERT IGNORE INTO `world`.`npc_text` (`ID`,`BroadcastTextID0`,`VerifiedBuild`) VALUES (1000000030,1000000030,0);
INSERT IGNORE INTO `world`.`gossip_menu` (`MenuID`,`TextID`) VALUES (1000000030,1000000030);
INSERT IGNORE INTO `world`.`creature_template_gossip` (`CreatureID`,`MenuID`) VALUES (58715,1000000030);
INSERT IGNORE INTO `hotfixes`.`broadcast_text` (`ID`,`Text`,`Text1`,`LanguageID`,`VerifiedBuild`) VALUES (1000000031,'also is lethal to any mages that pass through it. Look what it did to our poor arcanist.','also is lethal to any mages that pass through it. Look what it did to our poor arcanist.',0,0);
INSERT IGNORE INTO `hotfixes`.`hotfix_data` (`Id`,`UniqueId`,`TableHash`,`RecordId`,`Status`,`VerifiedBuild`) VALUES (17100425,17100425,35137211,1000000031,2,0);
INSERT IGNORE INTO `world`.`npc_text` (`ID`,`BroadcastTextID0`,`VerifiedBuild`) VALUES (1000000031,1000000031,0);
INSERT IGNORE INTO `world`.`gossip_menu` (`MenuID`,`TextID`) VALUES (1000000031,1000000031);
INSERT IGNORE INTO `world`.`creature_template_gossip` (`CreatureID`,`MenuID`) VALUES (58926,1000000031);
INSERT IGNORE INTO `hotfixes`.`broadcast_text` (`ID`,`Text`,`Text1`,`LanguageID`,`VerifiedBuild`) VALUES (1000000032,'/target Golden Hopling /script SetRaidTarget("target",4)','/target Golden Hopling /script SetRaidTarget("target",4)',0,0);
INSERT IGNORE INTO `hotfixes`.`hotfix_data` (`Id`,`UniqueId`,`TableHash`,`RecordId`,`Status`,`VerifiedBuild`) VALUES (17100426,17100426,35137211,1000000032,2,0);
INSERT IGNORE INTO `world`.`npc_text` (`ID`,`BroadcastTextID0`,`VerifiedBuild`) VALUES (1000000032,1000000032,0);
INSERT IGNORE INTO `world`.`gossip_menu` (`MenuID`,`TextID`) VALUES (1000000032,1000000032);
INSERT IGNORE INTO `world`.`creature_template_gossip` (`CreatureID`,`MenuID`) VALUES (59822,1000000032);
INSERT IGNORE INTO `hotfixes`.`broadcast_text` (`ID`,`Text`,`Text1`,`LanguageID`,`VerifiedBuild`) VALUES (1000000033,'Nat considers you a friend. Nat likes to drink. Maybe if you find him some more rare fish, he\'ll share! 0/42999.','Nat considers you a friend. Nat likes to drink. Maybe if you find him some more rare fish, he\'ll share! 0/42999.',0,0);
INSERT IGNORE INTO `hotfixes`.`hotfix_data` (`Id`,`UniqueId`,`TableHash`,`RecordId`,`Status`,`VerifiedBuild`) VALUES (17100427,17100427,35137211,1000000033,2,0);
INSERT IGNORE INTO `world`.`npc_text` (`ID`,`BroadcastTextID0`,`VerifiedBuild`) VALUES (1000000033,1000000033,0);
INSERT IGNORE INTO `world`.`gossip_menu` (`MenuID`,`TextID`) VALUES (1000000033,1000000033);
INSERT IGNORE INTO `world`.`creature_template_gossip` (`CreatureID`,`MenuID`) VALUES (63721,1000000033);
INSERT IGNORE INTO `hotfixes`.`broadcast_text` (`ID`,`Text`,`Text1`,`LanguageID`,`VerifiedBuild`) VALUES (1000000034,'In the current beta build, you get reputation from completing the story related exploration achievements. You seem to get a base amount of rep of 1920 per completed story achievement. You then get an item in your mail which will send you to Lorewalker Cho. He will then show you the story with a neat cinematic. As soon as you have completed a few of these achievements (2 or 3, think 2) you get access to one of the dailies. I\'ve only seen one daily so far, which required me to hand in 20 Mogu Archaeology Fragments. These are very easy to obtain on the beta as you collect about 30-40 per digsite. Reaching Friendly standing also seems to unlock Brann Bronzebeard as a vendor. He sells old Archaeology Fragments for completed Pandaria artifacts. He can also sell you an item which teleports you to the next Pandaria digsite and an item which randomizes your current Pandaria digsites.','In the current beta build, you get reputation from completing the story related exploration achievements. You seem to get a base amount of rep of 1920 per completed story achievement. You then get an item in your mail which will send you to Lorewalker Cho. He will then show you the story with a neat cinematic. As soon as you have completed a few of these achievements (2 or 3, think 2) you get access to one of the dailies. I\'ve only seen one daily so far, which required me to hand in 20 Mogu Archaeology Fragments. These are very easy to obtain on the beta as you collect about 30-40 per digsite. Reaching Friendly standing also seems to unlock Brann Bronzebeard as a vendor. He sells old Archaeology Fragments for completed Pandaria artifacts. He can also sell you an item which teleports you to the next Pandaria digsite and an item which randomizes your current Pandaria digsites.',0,0);
INSERT IGNORE INTO `hotfixes`.`hotfix_data` (`Id`,`UniqueId`,`TableHash`,`RecordId`,`Status`,`VerifiedBuild`) VALUES (17100428,17100428,35137211,1000000034,2,0);
INSERT IGNORE INTO `world`.`npc_text` (`ID`,`BroadcastTextID0`,`VerifiedBuild`) VALUES (1000000034,1000000034,0);
INSERT IGNORE INTO `world`.`gossip_menu` (`MenuID`,`TextID`) VALUES (1000000034,1000000034);
INSERT IGNORE INTO `world`.`creature_template_gossip` (`CreatureID`,`MenuID`) VALUES (64605,1000000034);
INSERT IGNORE INTO `hotfixes`.`broadcast_text` (`ID`,`Text`,`Text1`,`LanguageID`,`VerifiedBuild`) VALUES (1000000035,'•A new Seed has been added: Portal Shards •A mage who fell on hard times back in Dalaran has found a new home on Pandaria. Barnaby Fletcher will occasionally visit Halfhill Market to peddle a new type of seed – and take advantage of the Tillers’ hospitality. •Portal Shards grow into consumable items which can be used to open a portal from Sunsong Ranch to a major faction city.','•A new Seed has been added: Portal Shards •A mage who fell on hard times back in Dalaran has found a new home on Pandaria. Barnaby Fletcher will occasionally visit Halfhill Market to peddle a new type of seed – and take advantage of the Tillers’ hospitality. •Portal Shards grow into consumable items which can be used to open a portal from Sunsong Ranch to a major faction city.',0,0);
INSERT IGNORE INTO `hotfixes`.`hotfix_data` (`Id`,`UniqueId`,`TableHash`,`RecordId`,`Status`,`VerifiedBuild`) VALUES (17100429,17100429,35137211,1000000035,2,0);
INSERT IGNORE INTO `world`.`npc_text` (`ID`,`BroadcastTextID0`,`VerifiedBuild`) VALUES (1000000035,1000000035,0);
INSERT IGNORE INTO `world`.`gossip_menu` (`MenuID`,`TextID`) VALUES (1000000035,1000000035);
INSERT IGNORE INTO `world`.`creature_template_gossip` (`CreatureID`,`MenuID`) VALUES (67565,1000000035);
INSERT IGNORE INTO `hotfixes`.`broadcast_text` (`ID`,`Text`,`Text1`,`LanguageID`,`VerifiedBuild`) VALUES (1000000036,'What is that smell? What is that smell? Is that you Griftah? How can you have that smell? This is most offensive. Most offensive, yes.','What is that smell? What is that smell? Is that you Griftah? How can you have that smell? This is most offensive. Most offensive, yes.',0,0);
INSERT IGNORE INTO `hotfixes`.`hotfix_data` (`Id`,`UniqueId`,`TableHash`,`RecordId`,`Status`,`VerifiedBuild`) VALUES (17100430,17100430,35137211,1000000036,2,0);
INSERT IGNORE INTO `world`.`npc_text` (`ID`,`BroadcastTextID0`,`VerifiedBuild`) VALUES (1000000036,1000000036,0);
INSERT IGNORE INTO `world`.`gossip_menu` (`MenuID`,`TextID`) VALUES (1000000036,1000000036);
INSERT IGNORE INTO `world`.`creature_template_gossip` (`CreatureID`,`MenuID`) VALUES (70155,1000000036);
INSERT IGNORE INTO `hotfixes`.`broadcast_text` (`ID`,`Text`,`Text1`,`LanguageID`,`VerifiedBuild`) VALUES (1000000037,'"I like turtles"','"I like turtles"',0,0);
INSERT IGNORE INTO `hotfixes`.`hotfix_data` (`Id`,`UniqueId`,`TableHash`,`RecordId`,`Status`,`VerifiedBuild`) VALUES (17100431,17100431,35137211,1000000037,2,0);
INSERT IGNORE INTO `world`.`npc_text` (`ID`,`BroadcastTextID0`,`VerifiedBuild`) VALUES (1000000037,1000000037,0);
INSERT IGNORE INTO `world`.`gossip_menu` (`MenuID`,`TextID`) VALUES (1000000037,1000000037);
INSERT IGNORE INTO `world`.`creature_template_gossip` (`CreatureID`,`MenuID`) VALUES (70461,1000000037);
INSERT IGNORE INTO `hotfixes`.`broadcast_text` (`ID`,`Text`,`Text1`,`LanguageID`,`VerifiedBuild`) VALUES (1000000038,'I\'ve learned so much about brewing. I haven\'t gotten my brew just right yet, but it\'s getting there!','I\'ve learned so much about brewing. I haven\'t gotten my brew just right yet, but it\'s getting there!',0,0);
INSERT IGNORE INTO `hotfixes`.`hotfix_data` (`Id`,`UniqueId`,`TableHash`,`RecordId`,`Status`,`VerifiedBuild`) VALUES (17100432,17100432,35137211,1000000038,2,0);
INSERT IGNORE INTO `world`.`npc_text` (`ID`,`BroadcastTextID0`,`VerifiedBuild`) VALUES (1000000038,1000000038,0);
INSERT IGNORE INTO `world`.`gossip_menu` (`MenuID`,`TextID`) VALUES (1000000038,1000000038);
INSERT IGNORE INTO `world`.`creature_template_gossip` (`CreatureID`,`MenuID`) VALUES (73007,1000000038);
INSERT IGNORE INTO `hotfixes`.`broadcast_text` (`ID`,`Text`,`Text1`,`LanguageID`,`VerifiedBuild`) VALUES (1000000039,'I don\'t know why he won\'t listen to me! I\'m just trying to explain how to make his noodles even better.','I don\'t know why he won\'t listen to me! I\'m just trying to explain how to make his noodles even better.',0,0);
INSERT IGNORE INTO `hotfixes`.`hotfix_data` (`Id`,`UniqueId`,`TableHash`,`RecordId`,`Status`,`VerifiedBuild`) VALUES (17100433,17100433,35137211,1000000039,2,0);
INSERT IGNORE INTO `world`.`npc_text` (`ID`,`BroadcastTextID0`,`VerifiedBuild`) VALUES (1000000039,1000000039,0);
INSERT IGNORE INTO `world`.`gossip_menu` (`MenuID`,`TextID`) VALUES (1000000039,1000000039);
INSERT IGNORE INTO `world`.`creature_template_gossip` (`CreatureID`,`MenuID`) VALUES (73816,1000000039);
INSERT IGNORE INTO `hotfixes`.`broadcast_text` (`ID`,`Text`,`Text1`,`LanguageID`,`VerifiedBuild`) VALUES (1000000040,'Murg used to be a peon just like these orcs , but I got to be the best stone cracker out there! Now, they give Murg the name "Stonecrack" and lets me boss around these little guys. It\'s the best job, I tell ya!','Murg used to be a peon just like these orcs , but I got to be the best stone cracker out there! Now, they give Murg the name "Stonecrack" and lets me boss around these little guys. It\'s the best job, I tell ya!',0,0);
INSERT IGNORE INTO `hotfixes`.`hotfix_data` (`Id`,`UniqueId`,`TableHash`,`RecordId`,`Status`,`VerifiedBuild`) VALUES (17100434,17100434,35137211,1000000040,2,0);
INSERT IGNORE INTO `world`.`npc_text` (`ID`,`BroadcastTextID0`,`VerifiedBuild`) VALUES (1000000040,1000000040,0);
INSERT IGNORE INTO `world`.`gossip_menu` (`MenuID`,`TextID`) VALUES (1000000040,1000000040);
INSERT IGNORE INTO `world`.`creature_template_gossip` (`CreatureID`,`MenuID`) VALUES (86014,1000000040);
INSERT IGNORE INTO `hotfixes`.`broadcast_text` (`ID`,`Text`,`Text1`,`LanguageID`,`VerifiedBuild`) VALUES (1000000041,'Are you sure you want to buy th\'gear I\'ve got for sale? Crunchpaw has th\' best stuff these days. B\'tween the two of us, I heard she didn\'t get her nickname from fightin\' the Horde. Don\'t tell her I said that. Actually, I\'d prefer y\'din\'t even mention that we spoke. I\'m not on her good side right now.','Are you sure you want to buy th\'gear I\'ve got for sale? Crunchpaw has th\' best stuff these days. B\'tween the two of us, I heard she didn\'t get her nickname from fightin\' the Horde. Don\'t tell her I said that. Actually, I\'d prefer y\'din\'t even mention that we spoke. I\'m not on her good side right now.',0,0);
INSERT IGNORE INTO `hotfixes`.`hotfix_data` (`Id`,`UniqueId`,`TableHash`,`RecordId`,`Status`,`VerifiedBuild`) VALUES (17100435,17100435,35137211,1000000041,2,0);
INSERT IGNORE INTO `world`.`npc_text` (`ID`,`BroadcastTextID0`,`VerifiedBuild`) VALUES (1000000041,1000000041,0);
INSERT IGNORE INTO `world`.`gossip_menu` (`MenuID`,`TextID`) VALUES (1000000041,1000000041);
INSERT IGNORE INTO `world`.`creature_template_gossip` (`CreatureID`,`MenuID`) VALUES (86175,1000000041);
INSERT IGNORE INTO `hotfixes`.`broadcast_text` (`ID`,`Text`,`Text1`,`LanguageID`,`VerifiedBuild`) VALUES (1000000042,'Y\'should speak with Holly McTilla if you\'re lookin\' to square off against the best the Horde has to offer. Also, ask her who does her hair for me would ya?','Y\'should speak with Holly McTilla if you\'re lookin\' to square off against the best the Horde has to offer. Also, ask her who does her hair for me would ya?',0,0);
INSERT IGNORE INTO `hotfixes`.`hotfix_data` (`Id`,`UniqueId`,`TableHash`,`RecordId`,`Status`,`VerifiedBuild`) VALUES (17100436,17100436,35137211,1000000042,2,0);
INSERT IGNORE INTO `world`.`npc_text` (`ID`,`BroadcastTextID0`,`VerifiedBuild`) VALUES (1000000042,1000000042,0);
INSERT IGNORE INTO `world`.`gossip_menu` (`MenuID`,`TextID`) VALUES (1000000042,1000000042);
INSERT IGNORE INTO `world`.`creature_template_gossip` (`CreatureID`,`MenuID`) VALUES (86176,1000000042);
INSERT IGNORE INTO `hotfixes`.`broadcast_text` (`ID`,`Text`,`Text1`,`LanguageID`,`VerifiedBuild`) VALUES (1000000043,'I greet you, $C. We are the Order of the Awakened, and we represent the best interests of the arakkoa people. I am certain that you have witnessed the horrors brought upon the arakkoa and others by the Adherents of Rukhmar. We wish to reverse this damage and bring about a peaceful new era for our society. To do this, however, we require the knowledge of the Apexis. If you wish to assist us, we will trade valuable items for any Apexis relics you happen upon. What say you, $C?','I greet you, $C. We are the Order of the Awakened, and we represent the best interests of the arakkoa people. I am certain that you have witnessed the horrors brought upon the arakkoa and others by the Adherents of Rukhmar. We wish to reverse this damage and bring about a peaceful new era for our society. To do this, however, we require the knowledge of the Apexis. If you wish to assist us, we will trade valuable items for any Apexis relics you happen upon. What say you, $C?',0,0);
INSERT IGNORE INTO `hotfixes`.`hotfix_data` (`Id`,`UniqueId`,`TableHash`,`RecordId`,`Status`,`VerifiedBuild`) VALUES (17100437,17100437,35137211,1000000043,2,0);
INSERT IGNORE INTO `world`.`npc_text` (`ID`,`BroadcastTextID0`,`VerifiedBuild`) VALUES (1000000043,1000000043,0);
INSERT IGNORE INTO `world`.`gossip_menu` (`MenuID`,`TextID`) VALUES (1000000043,1000000043);
INSERT IGNORE INTO `world`.`creature_template_gossip` (`CreatureID`,`MenuID`) VALUES (86387,1000000043);
INSERT IGNORE INTO `hotfixes`.`broadcast_text` (`ID`,`Text`,`Text1`,`LanguageID`,`VerifiedBuild`) VALUES (1000000044,'My patented Rocket Cast system works flawlessly. Now if only these fish wouldn\'t be so picky and bite!','My patented Rocket Cast system works flawlessly. Now if only these fish wouldn\'t be so picky and bite!',0,0);
INSERT IGNORE INTO `hotfixes`.`hotfix_data` (`Id`,`UniqueId`,`TableHash`,`RecordId`,`Status`,`VerifiedBuild`) VALUES (17100438,17100438,35137211,1000000044,2,0);
INSERT IGNORE INTO `world`.`npc_text` (`ID`,`BroadcastTextID0`,`VerifiedBuild`) VALUES (1000000044,1000000044,0);
INSERT IGNORE INTO `world`.`gossip_menu` (`MenuID`,`TextID`) VALUES (1000000044,1000000044);
INSERT IGNORE INTO `world`.`creature_template_gossip` (`CreatureID`,`MenuID`) VALUES (86628,1000000044);
INSERT IGNORE INTO `hotfixes`.`broadcast_text` (`ID`,`Text`,`Text1`,`LanguageID`,`VerifiedBuild`) VALUES (1000000045,'With my recipes, you can transform the reagents of Draenor into concoctions with the power to bestow or destroy life as you see fit. That is, of course, if you possess the proper skill to wield them.','With my recipes, you can transform the reagents of Draenor into concoctions with the power to bestow or destroy life as you see fit. That is, of course, if you possess the proper skill to wield them.',0,0);
INSERT IGNORE INTO `hotfixes`.`hotfix_data` (`Id`,`UniqueId`,`TableHash`,`RecordId`,`Status`,`VerifiedBuild`) VALUES (17100439,17100439,35137211,1000000045,2,0);
INSERT IGNORE INTO `world`.`npc_text` (`ID`,`BroadcastTextID0`,`VerifiedBuild`) VALUES (1000000045,1000000045,0);
INSERT IGNORE INTO `world`.`gossip_menu` (`MenuID`,`TextID`) VALUES (1000000045,1000000045);
INSERT IGNORE INTO `world`.`creature_template_gossip` (`CreatureID`,`MenuID`) VALUES (87542,1000000045);
INSERT IGNORE INTO `hotfixes`.`broadcast_text` (`ID`,`Text`,`Text1`,`LanguageID`,`VerifiedBuild`) VALUES (1000000046,'With the Alliance making themselves a threat again on Ashran, the demand for quality weapons and armor is higher than ever! Do you smell profit?','With the Alliance making themselves a threat again on Ashran, the demand for quality weapons and armor is higher than ever! Do you smell profit?',0,0);
INSERT IGNORE INTO `hotfixes`.`hotfix_data` (`Id`,`UniqueId`,`TableHash`,`RecordId`,`Status`,`VerifiedBuild`) VALUES (17100440,17100440,35137211,1000000046,2,0);
INSERT IGNORE INTO `world`.`npc_text` (`ID`,`BroadcastTextID0`,`VerifiedBuild`) VALUES (1000000046,1000000046,0);
INSERT IGNORE INTO `world`.`gossip_menu` (`MenuID`,`TextID`) VALUES (1000000046,1000000046);
INSERT IGNORE INTO `world`.`creature_template_gossip` (`CreatureID`,`MenuID`) VALUES (87550,1000000046);
INSERT IGNORE INTO `hotfixes`.`broadcast_text` (`ID`,`Text`,`Text1`,`LanguageID`,`VerifiedBuild`) VALUES (1000000047,'Da right words have da powah of da strongest voodoo. Dem dat keep da words, dey know real powah!','Da right words have da powah of da strongest voodoo. Dem dat keep da words, dey know real powah!',0,0);
INSERT IGNORE INTO `hotfixes`.`hotfix_data` (`Id`,`UniqueId`,`TableHash`,`RecordId`,`Status`,`VerifiedBuild`) VALUES (17100441,17100441,35137211,1000000047,2,0);
INSERT IGNORE INTO `world`.`npc_text` (`ID`,`BroadcastTextID0`,`VerifiedBuild`) VALUES (1000000047,1000000047,0);
INSERT IGNORE INTO `world`.`gossip_menu` (`MenuID`,`TextID`) VALUES (1000000047,1000000047);
INSERT IGNORE INTO `world`.`creature_template_gossip` (`CreatureID`,`MenuID`) VALUES (87551,1000000047);
INSERT IGNORE INTO `hotfixes`.`broadcast_text` (`ID`,`Text`,`Text1`,`LanguageID`,`VerifiedBuild`) VALUES (1000000048,'These Iron Horde guys think they know how to make machines. Just wait until they see what a goblin can do once we get our hands on their tech!','These Iron Horde guys think they know how to make machines. Just wait until they see what a goblin can do once we get our hands on their tech!',0,0);
INSERT IGNORE INTO `hotfixes`.`hotfix_data` (`Id`,`UniqueId`,`TableHash`,`RecordId`,`Status`,`VerifiedBuild`) VALUES (17100442,17100442,35137211,1000000048,2,0);
INSERT IGNORE INTO `world`.`npc_text` (`ID`,`BroadcastTextID0`,`VerifiedBuild`) VALUES (1000000048,1000000048,0);
INSERT IGNORE INTO `world`.`gossip_menu` (`MenuID`,`TextID`) VALUES (1000000048,1000000048);
INSERT IGNORE INTO `world`.`creature_template_gossip` (`CreatureID`,`MenuID`) VALUES (87552,1000000048);
INSERT IGNORE INTO `hotfixes`.`broadcast_text` (`ID`,`Text`,`Text1`,`LanguageID`,`VerifiedBuild`) VALUES (1000000049,'I regrettably inform you that the finest arms and armaments for use in the field of battle are now sold by Ms. Crunchpaw. Don\'t worry, I\'m hard at work figuring out how to modify what I do have to be even better. I\'m thinking... extra arms! That you control with your mind!','I regrettably inform you that the finest arms and armaments for use in the field of battle are now sold by Ms. Crunchpaw. Don\'t worry, I\'m hard at work figuring out how to modify what I do have to be even better. I\'m thinking... extra arms! That you control with your mind!',0,0);
INSERT IGNORE INTO `hotfixes`.`hotfix_data` (`Id`,`UniqueId`,`TableHash`,`RecordId`,`Status`,`VerifiedBuild`) VALUES (17100443,17100443,35137211,1000000049,2,0);
INSERT IGNORE INTO `world`.`npc_text` (`ID`,`BroadcastTextID0`,`VerifiedBuild`) VALUES (1000000049,1000000049,0);
INSERT IGNORE INTO `world`.`gossip_menu` (`MenuID`,`TextID`) VALUES (1000000049,1000000049);
INSERT IGNORE INTO `world`.`creature_template_gossip` (`CreatureID`,`MenuID`) VALUES (93906,1000000049);
INSERT IGNORE INTO `hotfixes`.`broadcast_text` (`ID`,`Text`,`Text1`,`LanguageID`,`VerifiedBuild`) VALUES (1000000050,'I can\'t believe that peasant Holly McTilla was trusted with the finest weapons and armor. A dwarf! Honestly, it\'s no wonder we haven\'t taken this island yet.','I can\'t believe that peasant Holly McTilla was trusted with the finest weapons and armor. A dwarf! Honestly, it\'s no wonder we haven\'t taken this island yet.',0,0);
INSERT IGNORE INTO `hotfixes`.`hotfix_data` (`Id`,`UniqueId`,`TableHash`,`RecordId`,`Status`,`VerifiedBuild`) VALUES (17100444,17100444,35137211,1000000050,2,0);
INSERT IGNORE INTO `world`.`npc_text` (`ID`,`BroadcastTextID0`,`VerifiedBuild`) VALUES (1000000050,1000000050,0);
INSERT IGNORE INTO `world`.`gossip_menu` (`MenuID`,`TextID`) VALUES (1000000050,1000000050);
INSERT IGNORE INTO `world`.`creature_template_gossip` (`CreatureID`,`MenuID`) VALUES (93907,1000000050);
INSERT IGNORE INTO `hotfixes`.`broadcast_text` (`ID`,`Text`,`Text1`,`LanguageID`,`VerifiedBuild`) VALUES (1000000051,'Yeah yeah, I know, my stuff isn\'t as good as what Tae\'lox is sellin\'. But ya know what, it\'s still prettier, right? Whaddaya mean you think it looks the same? It\'s CLEARLY different! You ungrateful bum! You\'re lucky my contract is still being enforced.','Yeah yeah, I know, my stuff isn\'t as good as what Tae\'lox is sellin\'. But ya know what, it\'s still prettier, right? Whaddaya mean you think it looks the same? It\'s CLEARLY different! You ungrateful bum! You\'re lucky my contract is still being enforced.',0,0);
INSERT IGNORE INTO `hotfixes`.`hotfix_data` (`Id`,`UniqueId`,`TableHash`,`RecordId`,`Status`,`VerifiedBuild`) VALUES (17100445,17100445,35137211,1000000051,2,0);
INSERT IGNORE INTO `world`.`npc_text` (`ID`,`BroadcastTextID0`,`VerifiedBuild`) VALUES (1000000051,1000000051,0);
INSERT IGNORE INTO `world`.`gossip_menu` (`MenuID`,`TextID`) VALUES (1000000051,1000000051);
INSERT IGNORE INTO `world`.`creature_template_gossip` (`CreatureID`,`MenuID`) VALUES (93908,1000000051);
INSERT IGNORE INTO `hotfixes`.`broadcast_text` (`ID`,`Text`,`Text1`,`LanguageID`,`VerifiedBuild`) VALUES (1000000052,'/way Suramar 26.6, 71.6 Leyweaver Athystro 815 Hands /way Suramar 40.2, 69.6 Leyweaver Mithrogane 815 Chest /way Suramar 40.2, 69.6 Leyweaver Inondra 815 Backs /way Suramar 49.4, 75.8 Leyweaver Jorjana 815 Head /way Stormheim 65.6, 56.4 Leyweaver Tellumi 815 Legs /way Val\'sharah 70.4, 46.4 Leyweaver Erenyi 815 Waist /way Azsuna 29.1, 46.0 Leyweaver Phaxondus 815 Shoulders /way Highmountain 29.4, 26.2 Leyweaver Yaphisteia 815 Feet','/way Suramar 26.6, 71.6 Leyweaver Athystro 815 Hands /way Suramar 40.2, 69.6 Leyweaver Mithrogane 815 Chest /way Suramar 40.2, 69.6 Leyweaver Inondra 815 Backs /way Suramar 49.4, 75.8 Leyweaver Jorjana 815 Head /way Stormheim 65.6, 56.4 Leyweaver Tellumi 815 Legs /way Val\'sharah 70.4, 46.4 Leyweaver Erenyi 815 Waist /way Azsuna 29.1, 46.0 Leyweaver Phaxondus 815 Shoulders /way Highmountain 29.4, 26.2 Leyweaver Yaphisteia 815 Feet',0,0);
INSERT IGNORE INTO `hotfixes`.`hotfix_data` (`Id`,`UniqueId`,`TableHash`,`RecordId`,`Status`,`VerifiedBuild`) VALUES (17100446,17100446,35137211,1000000052,2,0);
INSERT IGNORE INTO `world`.`npc_text` (`ID`,`BroadcastTextID0`,`VerifiedBuild`) VALUES (1000000052,1000000052,0);
INSERT IGNORE INTO `world`.`gossip_menu` (`MenuID`,`TextID`) VALUES (1000000052,1000000052);
INSERT IGNORE INTO `world`.`creature_template_gossip` (`CreatureID`,`MenuID`) VALUES (93974,1000000052);
INSERT IGNORE INTO `hotfixes`.`broadcast_text` (`ID`,`Text`,`Text1`,`LanguageID`,`VerifiedBuild`) VALUES (1000000053,'/way Suramar 26.6, 71.6 Leyweaver Athystro 815 Hands /way Suramar 40.2, 69.6 Leyweaver Mithrogane 815 Chest /way Suramar 40.2, 69.6 Leyweaver Inondra 815 Backs /way Suramar 49.4, 75.8 Leyweaver Jorjana 815 Head /way Stormheim 65.6, 56.4 Leyweaver Tellumi 815 Legs /way Val\'sharah 70.4, 46.4 Leyweaver Erenyi 815 Waist /way Azsuna 29.1, 46.0 Leyweaver Phaxondus 815 Shoulders /way Highmountain 29.4, 26.2 Leyweaver Yaphisteia 815 Feet','/way Suramar 26.6, 71.6 Leyweaver Athystro 815 Hands /way Suramar 40.2, 69.6 Leyweaver Mithrogane 815 Chest /way Suramar 40.2, 69.6 Leyweaver Inondra 815 Backs /way Suramar 49.4, 75.8 Leyweaver Jorjana 815 Head /way Stormheim 65.6, 56.4 Leyweaver Tellumi 815 Legs /way Val\'sharah 70.4, 46.4 Leyweaver Erenyi 815 Waist /way Azsuna 29.1, 46.0 Leyweaver Phaxondus 815 Shoulders /way Highmountain 29.4, 26.2 Leyweaver Yaphisteia 815 Feet',0,0);
INSERT IGNORE INTO `hotfixes`.`hotfix_data` (`Id`,`UniqueId`,`TableHash`,`RecordId`,`Status`,`VerifiedBuild`) VALUES (17100447,17100447,35137211,1000000053,2,0);
INSERT IGNORE INTO `world`.`npc_text` (`ID`,`BroadcastTextID0`,`VerifiedBuild`) VALUES (1000000053,1000000053,0);
INSERT IGNORE INTO `world`.`gossip_menu` (`MenuID`,`TextID`) VALUES (1000000053,1000000053);
INSERT IGNORE INTO `world`.`creature_template_gossip` (`CreatureID`,`MenuID`) VALUES (93975,1000000053);
INSERT IGNORE INTO `hotfixes`.`broadcast_text` (`ID`,`Text`,`Text1`,`LanguageID`,`VerifiedBuild`) VALUES (1000000054,'/way Suramar 26.6, 71.6 Leyweaver Athystro 815 Hands /way Suramar 40.2, 69.6 Leyweaver Mithrogane 815 Chest /way Suramar 40.2, 69.6 Leyweaver Inondra 815 Backs /way Suramar 49.4, 75.8 Leyweaver Jorjana 815 Head /way Stormheim 65.6, 56.4 Leyweaver Tellumi 815 Legs /way Val\'sharah 70.4, 46.4 Leyweaver Erenyi 815 Waist /way Azsuna 29.1, 46.0 Leyweaver Phaxondus 815 Shoulders /way Highmountain 29.4, 26.2 Leyweaver Yaphisteia 815 Feet','/way Suramar 26.6, 71.6 Leyweaver Athystro 815 Hands /way Suramar 40.2, 69.6 Leyweaver Mithrogane 815 Chest /way Suramar 40.2, 69.6 Leyweaver Inondra 815 Backs /way Suramar 49.4, 75.8 Leyweaver Jorjana 815 Head /way Stormheim 65.6, 56.4 Leyweaver Tellumi 815 Legs /way Val\'sharah 70.4, 46.4 Leyweaver Erenyi 815 Waist /way Azsuna 29.1, 46.0 Leyweaver Phaxondus 815 Shoulders /way Highmountain 29.4, 26.2 Leyweaver Yaphisteia 815 Feet',0,0);
INSERT IGNORE INTO `hotfixes`.`hotfix_data` (`Id`,`UniqueId`,`TableHash`,`RecordId`,`Status`,`VerifiedBuild`) VALUES (17100448,17100448,35137211,1000000054,2,0);
INSERT IGNORE INTO `world`.`npc_text` (`ID`,`BroadcastTextID0`,`VerifiedBuild`) VALUES (1000000054,1000000054,0);
INSERT IGNORE INTO `world`.`gossip_menu` (`MenuID`,`TextID`) VALUES (1000000054,1000000054);
INSERT IGNORE INTO `world`.`creature_template_gossip` (`CreatureID`,`MenuID`) VALUES (93979,1000000054);
INSERT IGNORE INTO `hotfixes`.`broadcast_text` (`ID`,`Text`,`Text1`,`LanguageID`,`VerifiedBuild`) VALUES (1000000055,'During Hallow\'s End and the Feast of Winter Veil, locals may drop in and request your aid against some of the denizens of Draenor. They\'ll surely be willing to part with some festive supplies.','During Hallow\'s End and the Feast of Winter Veil, locals may drop in and request your aid against some of the denizens of Draenor. They\'ll surely be willing to part with some festive supplies.',0,0);
INSERT IGNORE INTO `hotfixes`.`hotfix_data` (`Id`,`UniqueId`,`TableHash`,`RecordId`,`Status`,`VerifiedBuild`) VALUES (17100449,17100449,35137211,1000000055,2,0);
INSERT IGNORE INTO `world`.`npc_text` (`ID`,`BroadcastTextID0`,`VerifiedBuild`) VALUES (1000000055,1000000055,0);
INSERT IGNORE INTO `world`.`gossip_menu` (`MenuID`,`TextID`) VALUES (1000000055,1000000055);
INSERT IGNORE INTO `world`.`creature_template_gossip` (`CreatureID`,`MenuID`) VALUES (96362,1000000055);
