-- Hotfix import for all changed tables: 66066 -> 66102
-- Generated by gen_all_hotfix_import.py


-- ==========================================================
-- Achievement (achievement): +0 added, ~1 modified, -0 deleted
-- ==========================================================

REPLACE INTO `achievement` (`Description`, `Title`, `Reward`, `ID`, `InstanceID`, `Faction`, `Supercedes`, `Category`, `MinimumCriteria`, `Points`, `Flags`, `UiOrder`, `IconFileID`, `RewardItemID`, `CriteriaTree`, `SharesCriteria`, `CovenantID`, `HiddenBeforeDisplaySeason`, `LegacyAfterTimeEvent`, `VerifiedBuild`) VALUES
('', '<Hidden> HoA Catch All <DNT>', '', 14813, -1, -1, 0, 15422, 0, 0, 1048580, 58, 136243, 0, 0, 0, 0, 0, 0, 66102);

INSERT IGNORE INTO `hotfix_data` (`Id`, `UniqueId`, `TableHash`, `RecordId`, `Status`) VALUES
(4900000, 4900000, 1746734909, 14813, 1);


-- ==========================================================
-- AnimKit (anim_kit): +3 added, ~0 modified, -0 deleted
-- ==========================================================

INSERT IGNORE INTO `anim_kit` (`ID`, `OneShotDuration`, `OneShotStopAnimKitID`, `LowDefAnimKitID`, `VerifiedBuild`) VALUES
(36561, 0, 0, 0, 66102),
(36562, 0, 0, 0, 66102),
(36563, 1200, 0, 0, 66102);

INSERT IGNORE INTO `hotfix_data` (`Id`, `UniqueId`, `TableHash`, `RecordId`, `Status`) VALUES
(4900001, 4900001, 3014618826, 36561, 1),
(4900002, 4900002, 3014618826, 36562, 1),
(4900003, 4900003, 3014618826, 36563, 1);


-- ==========================================================
-- ContentTuning (content_tuning): +0 added, ~14 modified, -0 deleted
-- ==========================================================

REPLACE INTO `content_tuning` (`ID`, `Flags`, `ExpansionID`, `PrimaryStatScalingModPlayerDataElementCharacterID`, `PrimaryStatScalingModPlayerDataElementCharacterMultiplier`, `VerifiedBuild`) VALUES
(3021, 0, 11, 0, 0, 66102),
(3022, 0, 11, 0, 0, 66102),
(3023, 0, 11, 0, 0, 66102),
(3026, 0, 11, 0, 0, 66102),
(3233, 0, 11, 0, 0, 66102),
(3906, 0, 11, 0, 0, 66102),
(4442, 0, 11, 0, 0, 66102),
(5071, 0, 11, 0, 0, 66102),
(5102, 0, 11, 0, 0, 66102),
(5127, 0, 11, 0, 0, 66102),
(5130, 0, 11, 0, 0, 66102),
(5138, 0, 11, 0, 0, 66102),
(5140, 0, 11, 0, 0, 66102),
(5143, 0, 11, 0, 0, 66102);

INSERT IGNORE INTO `hotfix_data` (`Id`, `UniqueId`, `TableHash`, `RecordId`, `Status`) VALUES
(4900004, 4900004, 3174446591, 3021, 1),
(4900005, 4900005, 3174446591, 3022, 1),
(4900006, 4900006, 3174446591, 3023, 1),
(4900007, 4900007, 3174446591, 3026, 1),
(4900008, 4900008, 3174446591, 3233, 1),
(4900009, 4900009, 3174446591, 3906, 1),
(4900010, 4900010, 3174446591, 4442, 1),
(4900011, 4900011, 3174446591, 5071, 1),
(4900012, 4900012, 3174446591, 5102, 1),
(4900013, 4900013, 3174446591, 5127, 1),
(4900014, 4900014, 3174446591, 5130, 1),
(4900015, 4900015, 3174446591, 5138, 1),
(4900016, 4900016, 3174446591, 5140, 1),
(4900017, 4900017, 3174446591, 5143, 1);


-- ==========================================================
-- CreatureDisplayInfo (creature_display_info): +1 added, ~5 modified, -0 deleted
-- ==========================================================

INSERT IGNORE INTO `creature_display_info` (`ID`, `ModelID`, `SoundID`, `SizeClass`, `CreatureModelScale`, `CreatureModelAlpha`, `BloodID`, `ExtendedDisplayInfoID`, `NPCSoundID`, `ParticleColorID`, `PortraitCreatureDisplayInfoID`, `PortraitTextureFileDataID`, `ObjectEffectPackageID`, `AnimReplacementSetID`, `Flags`, `StateSpellVisualKitID`, `PlayerOverrideScale`, `PetInstanceScale`, `UnarmedWeaponType`, `MountPoofSpellVisualKitID`, `DissolveEffectID`, `Gender`, `DissolveOutEffectID`, `CreatureModelMinLod`, `ConditionalCreatureModelID`, `TextureVariationFileDataID1`, `TextureVariationFileDataID2`, `TextureVariationFileDataID3`, `TextureVariationFileDataID4`, `VerifiedBuild`) VALUES
(143738, 16211, 9870, -1, 0.69999998808, 255, 0, 0, 0, 0, 0, 0, 2543, 0, 0, 0, 0, 1, -1, 0, 0, 2, 0, 0, 0, 7090837, 7090840, 0, 0, 66102);

REPLACE INTO `creature_display_info` (`ID`, `ModelID`, `SoundID`, `SizeClass`, `CreatureModelScale`, `CreatureModelAlpha`, `BloodID`, `ExtendedDisplayInfoID`, `NPCSoundID`, `ParticleColorID`, `PortraitCreatureDisplayInfoID`, `PortraitTextureFileDataID`, `ObjectEffectPackageID`, `AnimReplacementSetID`, `Flags`, `StateSpellVisualKitID`, `PlayerOverrideScale`, `PetInstanceScale`, `UnarmedWeaponType`, `MountPoofSpellVisualKitID`, `DissolveEffectID`, `Gender`, `DissolveOutEffectID`, `CreatureModelMinLod`, `ConditionalCreatureModelID`, `TextureVariationFileDataID1`, `TextureVariationFileDataID2`, `TextureVariationFileDataID3`, `TextureVariationFileDataID4`, `VerifiedBuild`) VALUES
(129430, 15958, 0, 1, 1.29999995232, 255, 0, 0, 1326, 0, 0, 0, 0, 0, 0, 0, 0, 1, -1, 0, 0, 2, 0, 0, 0, 0, 0, 0, 0, 66102),
(136438, 16163, 9963, 0, 1, 255, 0, 0, 3505, 0, 0, 0, 2591, 0, 8, 0, 0, 0.69999998808, -1, 0, 0, 2, 0, 0, 0, 6420392, 6420399, 6420398, 6420401, 66102),
(139923, 16897, 10154, 2, 0.60000002384, 255, 0, 0, 0, 0, 0, 0, 2679, 0, 0, 0, 0, 1, -1, 0, 0, 2, 0, 0, 0, 7498463, 7498471, 7498466, 7498469, 66102),
(139924, 16897, 10154, 2, 0.60000002384, 255, 0, 0, 0, 0, 0, 0, 2679, 0, 0, 0, 0, 1, -1, 0, 0, 2, 0, 0, 0, 7498465, 7498474, 7498468, 7498472, 66102),
(139925, 16897, 10154, 2, 0.60000002384, 255, 0, 0, 0, 0, 0, 0, 2679, 0, 0, 0, 0, 1, -1, 0, 0, 2, 0, 0, 0, 7498464, 7498473, 7498467, 7498470, 66102);

INSERT IGNORE INTO `hotfix_data` (`Id`, `UniqueId`, `TableHash`, `RecordId`, `Status`) VALUES
(4900018, 4900018, 3218799089, 143738, 1),
(4900019, 4900019, 3218799089, 129430, 1),
(4900020, 4900020, 3218799089, 136438, 1),
(4900021, 4900021, 3218799089, 139923, 1),
(4900022, 4900022, 3218799089, 139924, 1),
(4900023, 4900023, 3218799089, 139925, 1);


-- ==========================================================
-- CreatureLabel (creature_label): +1 added, ~0 modified, -0 deleted
-- ==========================================================

INSERT IGNORE INTO `creature_label` (`ID`, `LabelID`, `CreatureDifficultyID`, `VerifiedBuild`) VALUES
(87431, 2875, 314303, 66102);

INSERT IGNORE INTO `hotfix_data` (`Id`, `UniqueId`, `TableHash`, `RecordId`, `Status`) VALUES
(4900024, 4900024, 1870074897, 87431, 1);


-- ==========================================================
-- Criteria (criteria): +5 added, ~0 modified, -0 deleted
-- ==========================================================

INSERT IGNORE INTO `criteria` (`ID`, `Type`, `Asset`, `ModifierTreeId`, `StartEvent`, `StartAsset`, `StartTimer`, `FailEvent`, `FailAsset`, `Flags`, `EligibilityWorldStateID`, `EligibilityWorldStateValue`, `VerifiedBuild`) VALUES
(113514, 1, 2799, 440479, 0, 0, 0, 0, 0, 0, 0, 0, 66102),
(113522, 70, 0, 440558, 0, 0, 0, 0, 0, 0, 0, 0, 66102),
(113523, 0, 259746, 0, 0, 0, 0, 0, 0, 0, 0, 0, 66102),
(113524, 0, 259745, 0, 0, 0, 0, 0, 0, 0, 0, 0, 66102),
(113575, 35, 0, 413984, 0, 0, 0, 0, 0, 0, 0, 0, 66102);

INSERT IGNORE INTO `hotfix_data` (`Id`, `UniqueId`, `TableHash`, `RecordId`, `Status`) VALUES
(4900025, 4900025, 4012104832, 113514, 1),
(4900026, 4900026, 4012104832, 113522, 1),
(4900027, 4900027, 4012104832, 113523, 1),
(4900028, 4900028, 4012104832, 113524, 1),
(4900029, 4900029, 4012104832, 113575, 1);


-- ==========================================================
-- CriteriaTree (criteria_tree): +11 added, ~3 modified, -0 deleted
-- ==========================================================

INSERT IGNORE INTO `criteria_tree` (`ID`, `Description`, `Parent`, `Amount`, `Operator`, `CriteriaID`, `OrderIndex`, `Flags`, `VerifiedBuild`) VALUES
(224759, 'Win Slayer''s Rise', 0, 0, 4, 0, 0, 8192, 66102),
(224760, '', 224759, 1, 0, 109946, 0, 2, 66102),
(224761, 'Complete 100 victories in Slayer''s Rise', 0, 100, 5, 0, 0, 8193, 66102),
(224762, '', 224761, 1, 0, 109946, 0, 3, 66102),
(224953, 'Win Slayer''s Rise while controlling Shenzar Refinery, Bastion of Might, Gates of Might, Bastion of Valor, and Gates of Valor.', 0, 1, 8, 0, 0, 0, 66102),
(224954, '', 224953, 0, 0, 113514, 0, 0, 66102),
(224963, 'In Slayer''s Rise, kill an enemy at the Path of Predation before they dismount.', 0, 0, 4, 0, 0, 0, 66102),
(224964, 'In Slayer''s Rise, kill an enemy at the Path of Predation before they dismount.', 224963, 1, 0, 113522, 0, 2, 66102),
(224965, 'Kill the enemy faction''s ultradon summoned at The Husk or Sparring Grounds.', 0, 1, 8, 0, 0, 0, 66102),
(224966, '', 224965, 1, 0, 113523, 0, 2, 66102),
(224967, '', 224965, 1, 0, 113524, 1, 2, 66102);

REPLACE INTO `criteria_tree` (`ID`, `Description`, `Parent`, `Amount`, `Operator`, `CriteriaID`, `OrderIndex`, `Flags`, `VerifiedBuild`) VALUES
(216435, 'Get 50 honorable kills in Slayer''s Rise', 216434, 50, 0, 113575, 0, 1, 66102),
(216437, 'Get 100 honorable kills in Slayer''s Rise', 216436, 100, 0, 113575, 0, 1, 66102),
(216439, 'Get 500 honorable kills in Slayer''s Rise', 216438, 500, 0, 113575, 0, 1, 66102);

INSERT IGNORE INTO `hotfix_data` (`Id`, `UniqueId`, `TableHash`, `RecordId`, `Status`) VALUES
(4900030, 4900030, 1255424668, 224759, 1),
(4900031, 4900031, 1255424668, 224760, 1),
(4900032, 4900032, 1255424668, 224761, 1),
(4900033, 4900033, 1255424668, 224762, 1),
(4900034, 4900034, 1255424668, 224953, 1),
(4900035, 4900035, 1255424668, 224954, 1),
(4900036, 4900036, 1255424668, 224963, 1),
(4900037, 4900037, 1255424668, 224964, 1),
(4900038, 4900038, 1255424668, 224965, 1),
(4900039, 4900039, 1255424668, 224966, 1),
(4900040, 4900040, 1255424668, 224967, 1),
(4900041, 4900041, 1255424668, 216435, 1),
(4900042, 4900042, 1255424668, 216437, 1),
(4900043, 4900043, 1255424668, 216439, 1);


-- ==========================================================
-- CurrencyTypes (currency_types): +0 added, ~2 modified, -0 deleted
-- ==========================================================

REPLACE INTO `currency_types` (`ID`, `Name`, `Description`, `CategoryID`, `InventoryIconFileID`, `SpellWeight`, `SpellCategory`, `MaxQty`, `MaxEarnablePerWeek`, `Quality`, `FactionID`, `ItemGroupSoundsID`, `XpQuestDifficulty`, `AwardConditionID`, `MaxQtyWorldStateID`, `RechargingAmountPerCycle`, `RechargingCycleDurationMS`, `OrderIndex`, `RecraftReagentCountPercentage`, `OrderSource`, `MCRCurrencyID`, `Flags1`, `Flags2`, `VerifiedBuild`) VALUES
(3343, 'Champion Dawncrest', 'Used to upgrade Champion equipment in Midnight Season 1 up to item levels 250-263. Earned from the following activities:

- Weekly Outdoor Events
- Normal Voidspire, The Dreamrift, March On Quel''Danas
- Mythic Season Dungeons
- Mythic Keystone Dungeons (+2 to +3)
- Delves (Tiers 7 to 10)
- Trovehunter''s Bounty (Tiers 6 to 7)
- Prey Hunts (Hard)', 268, 7639519, 0, 0, 100, 0, 4, 0, 0, 0, 142396, 29184, 0, 0, 3, 0, 0, 6, 2359490, 1, 66102),
(3345, 'Hero Dawncrest', 'Used to upgrade Hero equipment in Midnight Season 1 up to item levels 263-276.  

When used for crafting, sets the item level of the resulting item to 259-272 based on Quality.

Earned from the following activities:

- Heroic Voidspire, The Dreamrift, March On Quel''Danas
- Mythic Keystone Dungeons (+4 to +8)
- Delves (Tier 11)
- Trovehunter''s Bounty (Tiers 8 and up)
- Prey Hunts (Nightmare)', 268, 7639521, 0, 0, 100, 0, 4, 0, 0, 0, 142972, 29185, 0, 0, 4, 0, 0, 7, 2359490, 1, 66102);

INSERT IGNORE INTO `hotfix_data` (`Id`, `UniqueId`, `TableHash`, `RecordId`, `Status`) VALUES
(4900044, 4900044, 793851790, 3343, 1),
(4900045, 4900045, 793851790, 3345, 1);


-- ==========================================================
-- ItemBonus (item_bonus): +0 added, ~11 modified, -3 deleted
-- ==========================================================

REPLACE INTO `item_bonus` (`ID`, `Value1`, `Value2`, `Value3`, `Value4`, `ParentItemBonusListID`, `Type`, `OrderIndex`, `VerifiedBuild`) VALUES
(24206, 613, 3000, 0, 0, 11318, 43, 1, 66102),
(26021, 263, 3000, 0, 0, 12245, 43, 1, 66102),
(29370, 263, 0, 0, 0, 13451, 43, 0, 66102),
(30184, 2, 0, 0, 0, 13563, 3, 0, 66102),
(30185, 276, 1000, 0, 0, 13563, 49, 1, 66102),
(30202, 3, 0, 0, 0, 13570, 3, 0, 66102),
(30203, 275, 1000, 0, 0, 13570, 49, 1, 66102),
(30204, 1, -101, 0, 0, 13570, 47, 2, 66102),
(30206, 4, 0, 0, 0, 13571, 3, 0, 66102),
(30207, 274, 1000, 0, 0, 13571, 49, 1, 66102),
(30208, 1, -101, 0, 0, 13571, 47, 2, 66102);

INSERT IGNORE INTO `item_bonus` (`ID`, `Value1`, `Value2`, `Value3`, `Value4`, `ParentItemBonusListID`, `Type`, `OrderIndex`, `VerifiedBuild`) VALUES
(30183, 217, 1000, 0, 0, 13563, 43, 0, 66066),
(30201, 263, 950, 0, 0, 13570, 43, 0, 66066),
(30205, 289, 900, 0, 0, 13571, 43, 0, 66066);

INSERT IGNORE INTO `hotfix_data` (`Id`, `UniqueId`, `TableHash`, `RecordId`, `Status`) VALUES
(4900046, 4900046, 2199425034, 24206, 1),
(4900047, 4900047, 2199425034, 26021, 1),
(4900048, 4900048, 2199425034, 29370, 1),
(4900049, 4900049, 2199425034, 30184, 1),
(4900050, 4900050, 2199425034, 30185, 1),
(4900051, 4900051, 2199425034, 30202, 1),
(4900052, 4900052, 2199425034, 30203, 1),
(4900053, 4900053, 2199425034, 30204, 1),
(4900054, 4900054, 2199425034, 30206, 1),
(4900055, 4900055, 2199425034, 30207, 1),
(4900056, 4900056, 2199425034, 30208, 1),
(4900057, 4900057, 2199425034, 30183, 1),
(4900058, 4900058, 2199425034, 30201, 1),
(4900059, 4900059, 2199425034, 30205, 1);


-- ==========================================================
-- ItemBonusTreeNode (item_bonus_tree_node): +3 added, ~0 modified, -1 deleted
-- ==========================================================

INSERT IGNORE INTO `item_bonus_tree_node` (`ID`, `ItemContext`, `ChildItemBonusTreeID`, `ChildItemBonusListID`, `ChildItemLevelSelectorID`, `ChildItemBonusListGroupID`, `IblGroupPointsModSetID`, `MinMythicPlusLevel`, `MaxMythicPlusLevel`, `ItemCreationContextGroupID`, `Flags`, `ParentItemBonusTreeID`, `VerifiedBuild`) VALUES
(29291, 0, 0, 13447, 0, 0, 0, 0, 0, 0, 0, 5851, 66102),
(29292, 0, 0, 13448, 0, 0, 0, 0, 0, 0, 0, 5852, 66102),
(29293, 0, 0, 13451, 0, 0, 0, 0, 0, 0, 0, 5850, 66102);

INSERT IGNORE INTO `item_bonus_tree_node` (`ID`, `ItemContext`, `ChildItemBonusTreeID`, `ChildItemBonusListID`, `ChildItemLevelSelectorID`, `ChildItemBonusListGroupID`, `IblGroupPointsModSetID`, `MinMythicPlusLevel`, `MaxMythicPlusLevel`, `ItemCreationContextGroupID`, `Flags`, `ParentItemBonusTreeID`, `VerifiedBuild`) VALUES
(15468, 0, 3517, 0, 0, 0, 0, 0, 0, 0, 0, 3875, 66066);

INSERT IGNORE INTO `hotfix_data` (`Id`, `UniqueId`, `TableHash`, `RecordId`, `Status`) VALUES
(4900060, 4900060, 2793276977, 29291, 1),
(4900061, 4900061, 2793276977, 29292, 1),
(4900062, 4900062, 2793276977, 29293, 1),
(4900063, 4900063, 2793276977, 15468, 1);


-- ==========================================================
-- ItemEffect (item_effect): +2 added, ~2 modified, -0 deleted
-- ==========================================================

INSERT IGNORE INTO `item_effect` (`ID`, `LegacySlotIndex`, `TriggerType`, `Charges`, `CoolDownMSec`, `CategoryCoolDownMSec`, `SpellCategoryID`, `SpellID`, `ChrSpecializationID`, `PlayerConditionID`, `VerifiedBuild`) VALUES
(231990, 0, 1, 0, -1, -1, 0, 1290000, 0, 0, 66102),
(231991, 0, 1, 0, -1, -1, 0, 1290000, 0, 0, 66102);

REPLACE INTO `item_effect` (`ID`, `LegacySlotIndex`, `TriggerType`, `Charges`, `CoolDownMSec`, `CategoryCoolDownMSec`, `SpellCategoryID`, `SpellID`, `ChrSpecializationID`, `PlayerConditionID`, `VerifiedBuild`) VALUES
(213328, 2, 0, -1, 600000, -1, 0, 1238914, 0, 0, 66102),
(227276, 0, 0, -1, -1, -1, 0, 1290196, 0, 0, 66102);

INSERT IGNORE INTO `hotfix_data` (`Id`, `UniqueId`, `TableHash`, `RecordId`, `Status`) VALUES
(4900064, 4900064, 1073915313, 231990, 1),
(4900065, 4900065, 1073915313, 231991, 1),
(4900066, 4900066, 1073915313, 213328, 1),
(4900067, 4900067, 1073915313, 227276, 1);


-- ==========================================================
-- ItemExtendedCost (item_extended_cost): +0 added, ~20 modified, -0 deleted
-- ==========================================================

REPLACE INTO `item_extended_cost` (`ID`, `RequiredArenaRating`, `ArenaBracket`, `Flags`, `MinFactionID`, `MinReputation`, `RequiredAchievement`, `ItemID1`, `ItemID2`, `ItemID3`, `ItemID4`, `ItemID5`, `ItemCount1`, `ItemCount2`, `ItemCount3`, `ItemCount4`, `ItemCount5`, `CurrencyID1`, `CurrencyID2`, `CurrencyID3`, `CurrencyID4`, `CurrencyID5`, `CurrencyCount1`, `CurrencyCount2`, `CurrencyCount3`, `CurrencyCount4`, `CurrencyCount5`, `VerifiedBuild`) VALUES
(10994, 0, 0, 0, 0, 0, 0, 0, 0, 0, 0, 0, 0, 0, 0, 0, 0, 3383, 0, 0, 0, 0, 20, 0, 0, 0, 0, 66102),
(10996, 0, 0, 0, 0, 0, 0, 0, 0, 0, 0, 0, 0, 0, 0, 0, 0, 3383, 0, 0, 0, 0, 20, 0, 0, 0, 0, 66102),
(10997, 0, 0, 0, 0, 0, 0, 0, 0, 0, 0, 0, 0, 0, 0, 0, 0, 3383, 0, 0, 0, 0, 20, 0, 0, 0, 0, 66102),
(10998, 0, 0, 0, 0, 0, 0, 0, 0, 0, 0, 0, 0, 0, 0, 0, 0, 3383, 0, 0, 0, 0, 20, 0, 0, 0, 0, 66102),
(10999, 0, 0, 0, 0, 0, 0, 0, 0, 0, 0, 0, 0, 0, 0, 0, 0, 3341, 0, 0, 0, 0, 20, 0, 0, 0, 0, 66102),
(11001, 0, 0, 0, 0, 0, 0, 0, 0, 0, 0, 0, 0, 0, 0, 0, 0, 3341, 0, 0, 0, 0, 20, 0, 0, 0, 0, 66102),
(11002, 0, 0, 0, 0, 0, 0, 0, 0, 0, 0, 0, 0, 0, 0, 0, 0, 3341, 0, 0, 0, 0, 20, 0, 0, 0, 0, 66102),
(11003, 0, 0, 0, 0, 0, 0, 0, 0, 0, 0, 0, 0, 0, 0, 0, 0, 3341, 0, 0, 0, 0, 20, 0, 0, 0, 0, 66102),
(11004, 0, 0, 0, 0, 0, 0, 0, 0, 0, 0, 0, 0, 0, 0, 0, 0, 3343, 0, 0, 0, 0, 20, 0, 0, 0, 0, 66102),
(11006, 0, 0, 0, 0, 0, 0, 0, 0, 0, 0, 0, 0, 0, 0, 0, 0, 3343, 0, 0, 0, 0, 20, 0, 0, 0, 0, 66102),
(11007, 0, 0, 0, 0, 0, 0, 0, 0, 0, 0, 0, 0, 0, 0, 0, 0, 3343, 0, 0, 0, 0, 20, 0, 0, 0, 0, 66102),
(11008, 0, 0, 0, 0, 0, 0, 0, 0, 0, 0, 0, 0, 0, 0, 0, 0, 3343, 0, 0, 0, 0, 20, 0, 0, 0, 0, 66102),
(11009, 0, 0, 0, 0, 0, 0, 0, 0, 0, 0, 0, 0, 0, 0, 0, 0, 3345, 0, 0, 0, 0, 20, 0, 0, 0, 0, 66102),
(11011, 0, 0, 0, 0, 0, 0, 0, 0, 0, 0, 0, 0, 0, 0, 0, 0, 3345, 0, 0, 0, 0, 20, 0, 0, 0, 0, 66102),
(11012, 0, 0, 0, 0, 0, 0, 0, 0, 0, 0, 0, 0, 0, 0, 0, 0, 3345, 0, 0, 0, 0, 20, 0, 0, 0, 0, 66102),
(11013, 0, 0, 0, 0, 0, 0, 0, 0, 0, 0, 0, 0, 0, 0, 0, 0, 3345, 0, 0, 0, 0, 20, 0, 0, 0, 0, 66102),
(11014, 0, 0, 0, 0, 0, 0, 0, 0, 0, 0, 0, 0, 0, 0, 0, 0, 3347, 0, 0, 0, 0, 20, 0, 0, 0, 0, 66102),
(11016, 0, 0, 0, 0, 0, 0, 0, 0, 0, 0, 0, 0, 0, 0, 0, 0, 3347, 0, 0, 0, 0, 20, 0, 0, 0, 0, 66102),
(11017, 0, 0, 0, 0, 0, 0, 0, 0, 0, 0, 0, 0, 0, 0, 0, 0, 3347, 0, 0, 0, 0, 20, 0, 0, 0, 0, 66102),
(11018, 0, 0, 0, 0, 0, 0, 0, 0, 0, 0, 0, 0, 0, 0, 0, 0, 3347, 0, 0, 0, 0, 20, 0, 0, 0, 0, 66102);

INSERT IGNORE INTO `hotfix_data` (`Id`, `UniqueId`, `TableHash`, `RecordId`, `Status`) VALUES
(4900068, 4900068, 3146089301, 10994, 1),
(4900069, 4900069, 3146089301, 10996, 1),
(4900070, 4900070, 3146089301, 10997, 1),
(4900071, 4900071, 3146089301, 10998, 1),
(4900072, 4900072, 3146089301, 10999, 1),
(4900073, 4900073, 3146089301, 11001, 1),
(4900074, 4900074, 3146089301, 11002, 1),
(4900075, 4900075, 3146089301, 11003, 1),
(4900076, 4900076, 3146089301, 11004, 1),
(4900077, 4900077, 3146089301, 11006, 1),
(4900078, 4900078, 3146089301, 11007, 1),
(4900079, 4900079, 3146089301, 11008, 1),
(4900080, 4900080, 3146089301, 11009, 1),
(4900081, 4900081, 3146089301, 11011, 1),
(4900082, 4900082, 3146089301, 11012, 1),
(4900083, 4900083, 3146089301, 11013, 1),
(4900084, 4900084, 3146089301, 11014, 1),
(4900085, 4900085, 3146089301, 11016, 1),
(4900086, 4900086, 3146089301, 11017, 1),
(4900087, 4900087, 3146089301, 11018, 1);


-- ==========================================================
-- ItemXBonusTree (item_x_bonus_tree): +1 added, ~1 modified, -1 deleted
-- ==========================================================

INSERT IGNORE INTO `item_x_bonus_tree` (`ID`, `ItemBonusTreeID`, `ItemID`, `VerifiedBuild`) VALUES
(329977, 5170, 245342, 66102);

REPLACE INTO `item_x_bonus_tree` (`ID`, `ItemBonusTreeID`, `ItemID`, `VerifiedBuild`) VALUES
(318027, 5171, 244716, 66102);

INSERT IGNORE INTO `item_x_bonus_tree` (`ID`, `ItemBonusTreeID`, `ItemID`, `VerifiedBuild`) VALUES
(318102, 4297, 245342, 66066);

INSERT IGNORE INTO `hotfix_data` (`Id`, `UniqueId`, `TableHash`, `RecordId`, `Status`) VALUES
(4900088, 4900088, 844464874, 329977, 1),
(4900089, 4900089, 844464874, 318027, 1),
(4900090, 4900090, 844464874, 318102, 1);


-- ==========================================================
-- ItemXItemEffect (item_x_item_effect): +2 added, ~0 modified, -0 deleted
-- ==========================================================

INSERT IGNORE INTO `item_x_item_effect` (`ID`, `ItemEffectID`, `ItemID`, `VerifiedBuild`) VALUES
(164172, 231990, 151308, 66102),
(164173, 231991, 151311, 66102);

INSERT IGNORE INTO `hotfix_data` (`Id`, `UniqueId`, `TableHash`, `RecordId`, `Status`) VALUES
(4900091, 4900091, 13330255, 164172, 1),
(4900092, 4900092, 13330255, 164173, 1);


-- ==========================================================
-- ModifierTree (modifier_tree): +43 added, ~31 modified, -1 deleted
-- ==========================================================

INSERT IGNORE INTO `modifier_tree` (`ID`, `Parent`, `Operator`, `Amount`, `Type`, `Asset`, `SecondaryAsset`, `TertiaryAsset`, `VerifiedBuild`) VALUES
(440479, 0, 8, 1, 0, 0, 0, 0, 66102),
(440480, 440479, 4, 1, 0, 0, 0, 0, 66102),
(440481, 440480, 2, 1, 108, 29510, 5, 0, 66102),
(440482, 440480, 2, 1, 108, 29511, 5, 0, 66102),
(440483, 440480, 2, 1, 116, 1, 0, 0, 66102),
(440484, 440480, 2, 1, 108, 29512, 5, 0, 66102),
(440485, 440480, 2, 1, 108, 29506, 5, 0, 66102),
(440486, 440480, 2, 1, 108, 29509, 5, 0, 66102),
(440487, 440479, 4, 1, 0, 0, 0, 0, 66102),
(440488, 440487, 2, 1, 108, 29509, 4, 0, 66102),
(440489, 440487, 2, 1, 108, 29506, 4, 0, 66102),
(440490, 440487, 2, 1, 108, 29512, 4, 0, 66102),
(440491, 440487, 2, 1, 108, 29510, 4, 0, 66102),
(440492, 440487, 2, 1, 108, 29511, 4, 0, 66102),
(440493, 440487, 2, 1, 116, 0, 0, 0, 66102),
(440558, 0, 4, 1, 0, 0, 0, 0, 66102),
(440559, 440558, 2, 1, 11, 78, 0, 0, 66102),
(440560, 440558, 8, 1, 0, 0, 0, 0, 66102),
(440561, 440560, 2, 1, 18, 16487, 0, 0, 66102),
(441054, 441055, 3, 1, 340, 131573, 0, 0, 66102),
(441055, 420786, 8, 1, 0, 0, 0, 0, 66102),
(441056, 441055, 4, 1, 0, 0, 0, 0, 66102),
(441067, 431377, 3, 1, 108, 29507, 5, 0, 66102),
(441068, 431371, 3, 1, 108, 29508, 4, 0, 66102),
(441081, 401587, 3, 1, 8, 122998, 0, 0, 66102),
(441082, 395981, 3, 1, 8, 122998, 0, 0, 66102),
(441097, 421103, 2, 1, 106, 11, 0, 0, 66102),
(441098, 421103, 2, 1, 289, 2124, 0, 0, 66102),
(441099, 421095, 2, 1, 289, 2124, 0, 0, 66102),
(441100, 421095, 2, 1, 106, 11, 0, 0, 66102),
(441114, 0, 4, 1, 0, 0, 0, 0, 66102),
(441115, 441114, 2, 1, 84, 86738, 0, 0, 66102),
(441116, 441114, 2, 1, 112, 461447, 0, 0, 66102),
(441211, 0, 8, 1, 0, 0, 0, 0, 66102),
(441212, 441211, 2, 1, 282, 1417, 0, 0, 66102),
(441213, 441211, 2, 1, 282, 1222, 0, 0, 66102),
(441214, 0, 8, 1, 0, 0, 0, 0, 66102),
(441215, 441214, 2, 1, 282, 1223, 0, 0, 66102),
(441216, 441214, 2, 1, 282, 1418, 0, 0, 66102),
(441222, 0, 8, 1, 0, 0, 0, 0, 66102),
(441223, 441222, 2, 1, 17, 14771, 0, 0, 66102),
(441224, 441222, 2, 1, 17, 1637, 0, 0, 66102),
(441225, 441222, 2, 1, 17, 1519, 0, 0, 66102);

REPLACE INTO `modifier_tree` (`ID`, `Parent`, `Operator`, `Amount`, `Type`, `Asset`, `SecondaryAsset`, `TertiaryAsset`, `VerifiedBuild`) VALUES
(420786, 0, 8, 1, 0, 0, 0, 0, 66102),
(420787, 441056, 2, 1, 104, 1229916, 0, 0, 66102),
(420788, 441056, 2, 1, 104, 1229922, 0, 0, 66102),
(420789, 441056, 2, 1, 104, 1229927, 0, 0, 66102),
(420790, 441056, 2, 1, 104, 1229928, 0, 0, 66102),
(420791, 441056, 2, 1, 104, 1229926, 0, 0, 66102),
(420792, 441056, 2, 1, 104, 1229919, 0, 0, 66102),
(420793, 441056, 2, 1, 104, 1229883, 0, 0, 66102),
(420794, 441056, 2, 1, 104, 1229884, 0, 0, 66102),
(420795, 441056, 2, 1, 104, 1229885, 0, 0, 66102),
(420796, 441056, 2, 1, 104, 1229886, 0, 0, 66102),
(420797, 441056, 2, 1, 104, 1229887, 0, 0, 66102),
(420798, 441056, 2, 1, 104, 1229888, 0, 0, 66102),
(420799, 441056, 2, 1, 104, 1229889, 0, 0, 66102),
(420800, 441056, 2, 1, 104, 1229890, 0, 0, 66102),
(420801, 441056, 2, 1, 104, 1229891, 0, 0, 66102),
(420802, 441056, 2, 1, 104, 1229892, 0, 0, 66102),
(420803, 441056, 2, 1, 104, 1229893, 0, 0, 66102),
(420804, 441056, 2, 1, 104, 1229923, 0, 0, 66102),
(420806, 441056, 2, 1, 104, 1261866, 0, 0, 66102),
(420807, 441056, 2, 1, 104, 1261893, 0, 0, 66102),
(420808, 441056, 2, 1, 104, 1261895, 0, 0, 66102),
(420809, 441056, 2, 1, 104, 1261913, 0, 0, 66102),
(420810, 441056, 2, 1, 104, 1261945, 0, 0, 66102),
(420811, 441056, 2, 1, 104, 1248610, 0, 0, 66102),
(420812, 441056, 2, 1, 104, 1248611, 0, 0, 66102),
(420813, 441056, 2, 1, 104, 1248612, 0, 0, 66102),
(420814, 441056, 2, 1, 104, 1248613, 0, 0, 66102),
(420815, 441056, 2, 1, 104, 1248614, 0, 0, 66102),
(420816, 441056, 2, 1, 104, 1248615, 0, 0, 66102),
(420817, 441056, 2, 1, 104, 1248616, 0, 0, 66102);

INSERT IGNORE INTO `modifier_tree` (`ID`, `Parent`, `Operator`, `Amount`, `Type`, `Asset`, `SecondaryAsset`, `TertiaryAsset`, `VerifiedBuild`) VALUES
(420805, 420786, 2, 1, 104, 1261938, 0, 0, 66066);

INSERT IGNORE INTO `hotfix_data` (`Id`, `UniqueId`, `TableHash`, `RecordId`, `Status`) VALUES
(4900093, 4900093, 2120822102, 440479, 1),
(4900094, 4900094, 2120822102, 440480, 1),
(4900095, 4900095, 2120822102, 440481, 1),
(4900096, 4900096, 2120822102, 440482, 1),
(4900097, 4900097, 2120822102, 440483, 1),
(4900098, 4900098, 2120822102, 440484, 1),
(4900099, 4900099, 2120822102, 440485, 1),
(4900100, 4900100, 2120822102, 440486, 1),
(4900101, 4900101, 2120822102, 440487, 1),
(4900102, 4900102, 2120822102, 440488, 1),
(4900103, 4900103, 2120822102, 440489, 1),
(4900104, 4900104, 2120822102, 440490, 1),
(4900105, 4900105, 2120822102, 440491, 1),
(4900106, 4900106, 2120822102, 440492, 1),
(4900107, 4900107, 2120822102, 440493, 1),
(4900108, 4900108, 2120822102, 440558, 1),
(4900109, 4900109, 2120822102, 440559, 1),
(4900110, 4900110, 2120822102, 440560, 1),
(4900111, 4900111, 2120822102, 440561, 1),
(4900112, 4900112, 2120822102, 441054, 1),
(4900113, 4900113, 2120822102, 441055, 1),
(4900114, 4900114, 2120822102, 441056, 1),
(4900115, 4900115, 2120822102, 441067, 1),
(4900116, 4900116, 2120822102, 441068, 1),
(4900117, 4900117, 2120822102, 441081, 1),
(4900118, 4900118, 2120822102, 441082, 1),
(4900119, 4900119, 2120822102, 441097, 1),
(4900120, 4900120, 2120822102, 441098, 1),
(4900121, 4900121, 2120822102, 441099, 1),
(4900122, 4900122, 2120822102, 441100, 1),
(4900123, 4900123, 2120822102, 441114, 1),
(4900124, 4900124, 2120822102, 441115, 1),
(4900125, 4900125, 2120822102, 441116, 1),
(4900126, 4900126, 2120822102, 441211, 1),
(4900127, 4900127, 2120822102, 441212, 1),
(4900128, 4900128, 2120822102, 441213, 1),
(4900129, 4900129, 2120822102, 441214, 1),
(4900130, 4900130, 2120822102, 441215, 1),
(4900131, 4900131, 2120822102, 441216, 1),
(4900132, 4900132, 2120822102, 441222, 1),
(4900133, 4900133, 2120822102, 441223, 1),
(4900134, 4900134, 2120822102, 441224, 1),
(4900135, 4900135, 2120822102, 441225, 1),
(4900136, 4900136, 2120822102, 420786, 1),
(4900137, 4900137, 2120822102, 420787, 1),
(4900138, 4900138, 2120822102, 420788, 1),
(4900139, 4900139, 2120822102, 420789, 1),
(4900140, 4900140, 2120822102, 420790, 1),
(4900141, 4900141, 2120822102, 420791, 1),
(4900142, 4900142, 2120822102, 420792, 1),
(4900143, 4900143, 2120822102, 420793, 1),
(4900144, 4900144, 2120822102, 420794, 1),
(4900145, 4900145, 2120822102, 420795, 1),
(4900146, 4900146, 2120822102, 420796, 1),
(4900147, 4900147, 2120822102, 420797, 1),
(4900148, 4900148, 2120822102, 420798, 1),
(4900149, 4900149, 2120822102, 420799, 1),
(4900150, 4900150, 2120822102, 420800, 1),
(4900151, 4900151, 2120822102, 420801, 1),
(4900152, 4900152, 2120822102, 420802, 1),
(4900153, 4900153, 2120822102, 420803, 1),
(4900154, 4900154, 2120822102, 420804, 1),
(4900155, 4900155, 2120822102, 420806, 1),
(4900156, 4900156, 2120822102, 420807, 1),
(4900157, 4900157, 2120822102, 420808, 1),
(4900158, 4900158, 2120822102, 420809, 1),
(4900159, 4900159, 2120822102, 420810, 1),
(4900160, 4900160, 2120822102, 420811, 1),
(4900161, 4900161, 2120822102, 420812, 1),
(4900162, 4900162, 2120822102, 420813, 1),
(4900163, 4900163, 2120822102, 420814, 1),
(4900164, 4900164, 2120822102, 420815, 1),
(4900165, 4900165, 2120822102, 420816, 1),
(4900166, 4900166, 2120822102, 420817, 1),
(4900167, 4900167, 2120822102, 420805, 1);


-- ==========================================================
-- OverrideSpellData (override_spell_data): +1 added, ~0 modified, -0 deleted
-- ==========================================================

INSERT IGNORE INTO `override_spell_data` (`ID`, `Spells1`, `Spells2`, `Spells3`, `Spells4`, `Spells5`, `Spells6`, `Spells7`, `Spells8`, `Spells9`, `Spells10`, `PlayerActionBarFileDataID`, `Flags`, `VerifiedBuild`) VALUES
(3628, 1289766, 0, 0, 0, 0, 0, 0, 0, 0, 0, 629198, 15, 66102);

INSERT IGNORE INTO `hotfix_data` (`Id`, `UniqueId`, `TableHash`, `RecordId`, `Status`) VALUES
(4900168, 4900168, 3396722460, 3628, 1);


-- ==========================================================
-- PlayerCondition (player_condition): +7 added, ~6 modified, -0 deleted
-- ==========================================================

INSERT IGNORE INTO `player_condition` (`ID`, `RaceMask`, `FailureDescription`, `MinLevel`, `MaxLevel`, `ClassMask`, `SkillLogic`, `LanguageID`, `MinLanguage`, `MaxLanguage`, `MaxFactionID`, `MaxReputation`, `ReputationLogic`, `CurrentPvpFaction`, `PvpMedal`, `PrevQuestLogic`, `CurrQuestLogic`, `CurrentCompletedQuestLogic`, `SpellLogic`, `ItemLogic`, `ItemFlags`, `AuraSpellLogic`, `WorldStateExpressionID`, `WeatherID`, `PartyStatus`, `LifetimeMaxPVPRank`, `AchievementLogic`, `Gender`, `NativeGender`, `AreaLogic`, `LfgLogic`, `CurrencyLogic`, `QuestKillID`, `QuestKillLogic`, `MinExpansionLevel`, `MaxExpansionLevel`, `MinAvgItemLevel`, `MaxAvgItemLevel`, `MinAvgEquippedItemLevel`, `MaxAvgEquippedItemLevel`, `PhaseUseFlags`, `PhaseID`, `PhaseGroupID`, `Flags`, `ChrSpecializationIndex`, `ChrSpecializationRole`, `ModifierTreeID`, `PowerType`, `PowerTypeComp`, `PowerTypeValue`, `WeaponSubclassMask`, `MaxGuildLevel`, `MinGuildLevel`, `MaxExpansionTier`, `MinExpansionTier`, `MinPVPRank`, `MaxPVPRank`, `ContentTuningID`, `CovenantID`, `TraitNodeEntryLogic`, `SkillID1`, `SkillID2`, `SkillID3`, `SkillID4`, `MinSkill1`, `MinSkill2`, `MinSkill3`, `MinSkill4`, `MaxSkill1`, `MaxSkill2`, `MaxSkill3`, `MaxSkill4`, `MinFactionID1`, `MinFactionID2`, `MinFactionID3`, `MinReputation1`, `MinReputation2`, `MinReputation3`, `PrevQuestID1`, `PrevQuestID2`, `PrevQuestID3`, `PrevQuestID4`, `CurrQuestID1`, `CurrQuestID2`, `CurrQuestID3`, `CurrQuestID4`, `CurrentCompletedQuestID1`, `CurrentCompletedQuestID2`, `CurrentCompletedQuestID3`, `CurrentCompletedQuestID4`, `SpellID1`, `SpellID2`, `SpellID3`, `SpellID4`, `ItemID1`, `ItemID2`, `ItemID3`, `ItemID4`, `ItemCount1`, `ItemCount2`, `ItemCount3`, `ItemCount4`, `Explored1`, `Explored2`, `Time1`, `Time2`, `AuraSpellID1`, `AuraSpellID2`, `AuraSpellID3`, `AuraSpellID4`, `AuraStacks1`, `AuraStacks2`, `AuraStacks3`, `AuraStacks4`, `Achievement1`, `Achievement2`, `Achievement3`, `Achievement4`, `AreaID1`, `AreaID2`, `AreaID3`, `AreaID4`, `LfgStatus1`, `LfgStatus2`, `LfgStatus3`, `LfgStatus4`, `LfgCompare1`, `LfgCompare2`, `LfgCompare3`, `LfgCompare4`, `LfgValue1`, `LfgValue2`, `LfgValue3`, `LfgValue4`, `CurrencyID1`, `CurrencyID2`, `CurrencyID3`, `CurrencyID4`, `CurrencyCount1`, `CurrencyCount2`, `CurrencyCount3`, `CurrencyCount4`, `QuestKillMonster1`, `QuestKillMonster2`, `QuestKillMonster3`, `QuestKillMonster4`, `QuestKillMonster5`, `QuestKillMonster6`, `MovementFlags1`, `MovementFlags2`, `TraitNodeEntryID1`, `TraitNodeEntryID2`, `TraitNodeEntryID3`, `TraitNodeEntryID4`, `TraitNodeEntryMinRank1`, `TraitNodeEntryMinRank2`, `TraitNodeEntryMinRank3`, `TraitNodeEntryMinRank4`, `TraitNodeEntryMaxRank1`, `TraitNodeEntryMaxRank2`, `TraitNodeEntryMaxRank3`, `TraitNodeEntryMaxRank4`, `VerifiedBuild`) VALUES
(154880, 0, '', 0, 0, 0, 0, 0, 0, 0, 0, 0, 0, 0, 0, 0, 0, 0, 0, 0, 0, 0, 0, 0, 0, 0, 0, -1, -1, 0, 0, 0, 0, 0, -1, -1, 0, 0, 0, 0, 0, 0, 0, 1, -1, -1, 436233, -1, 0, 0, 0, 0, 0, -1, -1, 0, 0, 0, 0, 0, 0, 0, 0, 0, 0, 0, 0, 0, 0, 0, 0, 0, 0, 0, 0, 0, 0, 0, 0, 0, 0, 0, 0, 0, 0, 0, 0, 0, 0, 0, 0, 0, 0, 0, 0, 0, 0, 0, 0, 0, 0, 0, 0, 0, 0, 0, 0, 0, 0, 0, 0, 0, 0, 0, 0, 0, 0, 0, 0, 0, 0, 0, 0, 0, 0, 0, 0, 0, 0, 0, 0, 0, 0, 0, 0, 0, 0, 0, 0, 0, 0, 0, 0, 0, 0, 0, 0, 0, 0, 0, 0, 0, 0, 0, 0, 0, 0, 0, 0, 0, 0, 0, 66102),
(154881, 0, '', 0, 0, 0, 0, 0, 0, 0, 0, 0, 0, 0, 0, 0, 0, 0, 0, 0, 0, 0, 0, 0, 0, 0, 0, -1, -1, 0, 0, 0, 0, 0, -1, -1, 0, 0, 0, 0, 0, 0, 0, 1, -1, -1, 441211, -1, 0, 0, 0, 0, 0, -1, -1, 0, 0, 0, 0, 0, 0, 0, 0, 0, 0, 0, 0, 0, 0, 0, 0, 0, 0, 0, 0, 0, 0, 0, 0, 0, 0, 0, 0, 0, 0, 0, 0, 0, 0, 0, 0, 0, 0, 0, 0, 0, 0, 0, 0, 0, 0, 0, 0, 0, 0, 0, 0, 0, 0, 0, 0, 0, 0, 0, 0, 0, 0, 0, 0, 0, 0, 0, 0, 0, 0, 0, 0, 0, 0, 0, 0, 0, 0, 0, 0, 0, 0, 0, 0, 0, 0, 0, 0, 0, 0, 0, 0, 0, 0, 0, 0, 0, 0, 0, 0, 0, 0, 0, 0, 0, 0, 0, 66102),
(154882, 0, '', 0, 0, 0, 0, 0, 0, 0, 0, 0, 0, 0, 0, 0, 0, 0, 0, 0, 0, 0, 0, 0, 0, 0, 0, -1, -1, 0, 0, 0, 0, 0, -1, -1, 0, 0, 0, 0, 0, 0, 0, 1, -1, -1, 441214, -1, 0, 0, 0, 0, 0, -1, -1, 0, 0, 0, 0, 0, 0, 0, 0, 0, 0, 0, 0, 0, 0, 0, 0, 0, 0, 0, 0, 0, 0, 0, 0, 0, 0, 0, 0, 0, 0, 0, 0, 0, 0, 0, 0, 0, 0, 0, 0, 0, 0, 0, 0, 0, 0, 0, 0, 0, 0, 0, 0, 0, 0, 0, 0, 0, 0, 0, 0, 0, 0, 0, 0, 0, 0, 0, 0, 0, 0, 0, 0, 0, 0, 0, 0, 0, 0, 0, 0, 0, 0, 0, 0, 0, 0, 0, 0, 0, 0, 0, 0, 0, 0, 0, 0, 0, 0, 0, 0, 0, 0, 0, 0, 0, 0, 0, 66102),
(154885, -6184943489809468494, '', 0, 0, 0, 0, 0, 0, 0, 0, 0, 0, 0, 0, 0, 0, 0, 0, 0, 0, 0, 0, 0, 0, 0, 0, -1, -1, 0, 0, 0, 0, 0, -1, -1, 0, 0, 0, 0, 0, 0, 0, 1, -1, -1, 441222, -1, 0, 0, 0, 0, 0, -1, -1, 0, 0, 0, 0, 0, 0, 0, 0, 0, 0, 0, 0, 0, 0, 0, 0, 0, 0, 0, 0, 0, 0, 0, 0, 0, 0, 0, 0, 0, 0, 0, 0, 0, 0, 0, 0, 0, 0, 0, 0, 0, 0, 0, 0, 0, 0, 0, 0, 0, 0, 0, 0, 0, 0, 0, 0, 0, 0, 0, 0, 0, 0, 0, 0, 0, 0, 0, 0, 0, 0, 0, 0, 0, 0, 0, 0, 0, 0, 0, 0, 0, 0, 0, 0, 0, 0, 0, 0, 0, 0, 0, 0, 0, 0, 0, 0, 0, 0, 0, 0, 0, 0, 0, 0, 0, 0, 0, 66102),
(154887, 0, '', 0, 0, 0, 0, 0, 0, 0, 0, 0, 0, 0, 0, 0, 0, 0, 0, 0, 0, 0, 51942, 0, 0, 0, 0, -1, -1, 0, 0, 0, 0, 0, -1, -1, 0, 0, 0, 0, 0, 0, 0, 1, -1, -1, 0, -1, 0, 0, 0, 0, 0, -1, -1, 0, 0, 0, 0, 0, 0, 0, 0, 0, 0, 0, 0, 0, 0, 0, 0, 0, 0, 0, 0, 0, 0, 0, 0, 0, 0, 0, 0, 0, 0, 0, 0, 0, 0, 0, 0, 0, 0, 0, 0, 0, 0, 0, 0, 0, 0, 0, 0, 0, 0, 0, 0, 0, 0, 0, 0, 0, 0, 0, 0, 0, 0, 0, 0, 0, 0, 0, 0, 0, 0, 0, 0, 0, 0, 0, 0, 0, 0, 0, 0, 0, 0, 0, 0, 0, 0, 0, 0, 0, 0, 0, 0, 0, 0, 0, 0, 0, 0, 0, 0, 0, 0, 0, 0, 0, 0, 0, 66102),
(154890, 0, '', 0, 0, 0, 0, 0, 0, 0, 0, 0, 0, 0, 0, 0, 0, 0, 0, 0, 0, 0, 49931, 0, 0, 0, 0, -1, -1, 0, 0, 0, 0, 0, -1, -1, 0, 0, 0, 0, 0, 0, 0, 1, -1, -1, 0, -1, 0, 0, 0, 0, 0, -1, -1, 0, 0, 0, 0, 0, 0, 0, 0, 0, 0, 0, 0, 0, 0, 0, 0, 0, 0, 0, 0, 0, 0, 0, 0, 0, 0, 0, 0, 0, 0, 0, 0, 0, 0, 0, 0, 0, 0, 0, 0, 0, 0, 0, 0, 0, 0, 0, 0, 0, 0, 0, 0, 0, 0, 0, 0, 0, 0, 0, 0, 0, 0, 0, 0, 0, 0, 0, 0, 0, 0, 0, 0, 0, 0, 0, 0, 0, 0, 0, 0, 0, 0, 0, 0, 0, 0, 0, 0, 0, 0, 0, 0, 0, 0, 0, 0, 0, 0, 0, 0, 0, 0, 0, 0, 0, 0, 0, 66102),
(154891, 0, '', 0, 0, 0, 0, 0, 0, 0, 0, 0, 0, 0, 0, 0, 0, 0, 0, 0, 0, 0, 51943, 0, 0, 0, 0, -1, -1, 0, 0, 0, 0, 0, -1, -1, 0, 0, 0, 0, 0, 0, 0, 1, -1, -1, 0, -1, 0, 0, 0, 0, 0, -1, -1, 0, 0, 0, 0, 0, 0, 0, 0, 0, 0, 0, 0, 0, 0, 0, 0, 0, 0, 0, 0, 0, 0, 0, 0, 0, 0, 0, 0, 0, 0, 0, 0, 0, 0, 0, 0, 0, 0, 0, 0, 0, 0, 0, 0, 0, 0, 0, 0, 0, 0, 0, 0, 0, 0, 0, 0, 0, 0, 0, 0, 0, 0, 0, 0, 0, 0, 0, 0, 0, 0, 0, 0, 0, 0, 0, 0, 0, 0, 0, 0, 0, 0, 0, 0, 0, 0, 0, 0, 0, 0, 0, 0, 0, 0, 0, 0, 0, 0, 0, 0, 0, 0, 0, 0, 0, 0, 0, 66102);

REPLACE INTO `player_condition` (`ID`, `RaceMask`, `FailureDescription`, `MinLevel`, `MaxLevel`, `ClassMask`, `SkillLogic`, `LanguageID`, `MinLanguage`, `MaxLanguage`, `MaxFactionID`, `MaxReputation`, `ReputationLogic`, `CurrentPvpFaction`, `PvpMedal`, `PrevQuestLogic`, `CurrQuestLogic`, `CurrentCompletedQuestLogic`, `SpellLogic`, `ItemLogic`, `ItemFlags`, `AuraSpellLogic`, `WorldStateExpressionID`, `WeatherID`, `PartyStatus`, `LifetimeMaxPVPRank`, `AchievementLogic`, `Gender`, `NativeGender`, `AreaLogic`, `LfgLogic`, `CurrencyLogic`, `QuestKillID`, `QuestKillLogic`, `MinExpansionLevel`, `MaxExpansionLevel`, `MinAvgItemLevel`, `MaxAvgItemLevel`, `MinAvgEquippedItemLevel`, `MaxAvgEquippedItemLevel`, `PhaseUseFlags`, `PhaseID`, `PhaseGroupID`, `Flags`, `ChrSpecializationIndex`, `ChrSpecializationRole`, `ModifierTreeID`, `PowerType`, `PowerTypeComp`, `PowerTypeValue`, `WeaponSubclassMask`, `MaxGuildLevel`, `MinGuildLevel`, `MaxExpansionTier`, `MinExpansionTier`, `MinPVPRank`, `MaxPVPRank`, `ContentTuningID`, `CovenantID`, `TraitNodeEntryLogic`, `SkillID1`, `SkillID2`, `SkillID3`, `SkillID4`, `MinSkill1`, `MinSkill2`, `MinSkill3`, `MinSkill4`, `MaxSkill1`, `MaxSkill2`, `MaxSkill3`, `MaxSkill4`, `MinFactionID1`, `MinFactionID2`, `MinFactionID3`, `MinReputation1`, `MinReputation2`, `MinReputation3`, `PrevQuestID1`, `PrevQuestID2`, `PrevQuestID3`, `PrevQuestID4`, `CurrQuestID1`, `CurrQuestID2`, `CurrQuestID3`, `CurrQuestID4`, `CurrentCompletedQuestID1`, `CurrentCompletedQuestID2`, `CurrentCompletedQuestID3`, `CurrentCompletedQuestID4`, `SpellID1`, `SpellID2`, `SpellID3`, `SpellID4`, `ItemID1`, `ItemID2`, `ItemID3`, `ItemID4`, `ItemCount1`, `ItemCount2`, `ItemCount3`, `ItemCount4`, `Explored1`, `Explored2`, `Time1`, `Time2`, `AuraSpellID1`, `AuraSpellID2`, `AuraSpellID3`, `AuraSpellID4`, `AuraStacks1`, `AuraStacks2`, `AuraStacks3`, `AuraStacks4`, `Achievement1`, `Achievement2`, `Achievement3`, `Achievement4`, `AreaID1`, `AreaID2`, `AreaID3`, `AreaID4`, `LfgStatus1`, `LfgStatus2`, `LfgStatus3`, `LfgStatus4`, `LfgCompare1`, `LfgCompare2`, `LfgCompare3`, `LfgCompare4`, `LfgValue1`, `LfgValue2`, `LfgValue3`, `LfgValue4`, `CurrencyID1`, `CurrencyID2`, `CurrencyID3`, `CurrencyID4`, `CurrencyCount1`, `CurrencyCount2`, `CurrencyCount3`, `CurrencyCount4`, `QuestKillMonster1`, `QuestKillMonster2`, `QuestKillMonster3`, `QuestKillMonster4`, `QuestKillMonster5`, `QuestKillMonster6`, `MovementFlags1`, `MovementFlags2`, `TraitNodeEntryID1`, `TraitNodeEntryID2`, `TraitNodeEntryID3`, `TraitNodeEntryID4`, `TraitNodeEntryMinRank1`, `TraitNodeEntryMinRank2`, `TraitNodeEntryMinRank3`, `TraitNodeEntryMinRank4`, `TraitNodeEntryMaxRank1`, `TraitNodeEntryMaxRank2`, `TraitNodeEntryMaxRank3`, `TraitNodeEntryMaxRank4`, `VerifiedBuild`) VALUES
(147464, 0, '', 0, 0, 0, 0, 0, 0, 0, 0, 0, 0, 0, 0, 0, 0, 0, 0, 0, 0, 0, 0, 0, 0, 0, 0, -1, -1, 0, 0, 0, 0, 0, -1, -1, 0, 0, 0, 0, 0, 0, 0, 1, -1, -1, 420786, -1, 0, 0, 0, 0, 0, -1, -1, 0, 0, 0, 0, 0, 0, 0, 0, 0, 0, 0, 0, 0, 0, 0, 0, 0, 0, 0, 0, 0, 0, 0, 0, 0, 0, 0, 0, 0, 0, 0, 0, 0, 0, 0, 0, 0, 0, 0, 0, 0, 0, 0, 0, 0, 0, 0, 0, 0, 0, 0, 0, 0, 0, 0, 0, 0, 0, 0, 0, 0, 0, 0, 0, 0, 0, 0, 0, 0, 0, 0, 0, 0, 0, 0, 0, 0, 0, 0, 0, 0, 0, 0, 0, 0, 0, 0, 0, 0, 0, 0, 0, 0, 0, 0, 0, 0, 0, 0, 0, 0, 0, 0, 0, 0, 0, 0, 66102),
(151718, 0, '', 0, 0, 0, 0, 0, 0, 0, 0, 0, 0, 0, 0, 65537, 65536, 0, 0, 0, 0, 0, 49993, 0, 0, 0, 0, -1, -1, 0, 0, 0, 0, 0, -1, -1, 0, 0, 0, 0, 0, 0, 0, 1, -1, -1, 381385, -1, 0, 0, 0, 0, 0, -1, -1, 0, 0, 3313, 0, 0, 0, 0, 0, 0, 0, 0, 0, 0, 0, 0, 0, 0, 0, 0, 0, 0, 0, 0, 93426, 90806, 0, 0, 93426, 0, 0, 0, 0, 0, 0, 0, 0, 0, 0, 0, 0, 0, 0, 0, 0, 0, 0, 0, 0, 0, 0, 0, 0, 0, 0, 0, 0, 0, 0, 0, 0, 0, 0, 0, 0, 0, 0, 0, 0, 0, 0, 0, 0, 0, 0, 0, 0, 0, 0, 0, 0, 0, 0, 0, 0, 0, 0, 0, 0, 0, 0, 0, 0, 0, 0, 0, 0, 0, 0, 0, 0, 0, 0, 0, 0, 0, 0, 0, 66102),
(151719, 0, '', 0, 0, 0, 0, 0, 0, 0, 0, 0, 0, 0, 0, 65537, 65536, 0, 0, 0, 0, 0, 49992, 0, 0, 0, 0, -1, -1, 0, 0, 0, 0, 0, -1, -1, 0, 0, 0, 0, 0, 0, 0, 1, -1, -1, 381385, -1, 0, 0, 0, 0, 0, -1, -1, 0, 0, 3313, 0, 0, 0, 0, 0, 0, 0, 0, 0, 0, 0, 0, 0, 0, 0, 0, 0, 0, 0, 0, 93425, 90806, 0, 0, 93425, 0, 0, 0, 0, 0, 0, 0, 0, 0, 0, 0, 0, 0, 0, 0, 0, 0, 0, 0, 0, 0, 0, 0, 0, 0, 0, 0, 0, 0, 0, 0, 0, 0, 0, 0, 0, 0, 0, 0, 0, 0, 0, 0, 0, 0, 0, 0, 0, 0, 0, 0, 0, 0, 0, 0, 0, 0, 0, 0, 0, 0, 0, 0, 0, 0, 0, 0, 0, 0, 0, 0, 0, 0, 0, 0, 0, 0, 0, 0, 66102),
(151720, 0, '', 0, 0, 0, 0, 0, 0, 0, 0, 0, 0, 0, 0, 65537, 65536, 0, 0, 0, 0, 0, 49991, 0, 0, 0, 0, -1, -1, 0, 0, 0, 0, 0, -1, -1, 0, 0, 0, 0, 0, 0, 0, 1, -1, -1, 381385, -1, 0, 0, 0, 0, 0, -1, -1, 0, 0, 3313, 0, 0, 0, 0, 0, 0, 0, 0, 0, 0, 0, 0, 0, 0, 0, 0, 0, 0, 0, 0, 93424, 90806, 0, 0, 93424, 0, 0, 0, 0, 0, 0, 0, 0, 0, 0, 0, 0, 0, 0, 0, 0, 0, 0, 0, 0, 0, 0, 0, 0, 0, 0, 0, 0, 0, 0, 0, 0, 0, 0, 0, 0, 0, 0, 0, 0, 0, 0, 0, 0, 0, 0, 0, 0, 0, 0, 0, 0, 0, 0, 0, 0, 0, 0, 0, 0, 0, 0, 0, 0, 0, 0, 0, 0, 0, 0, 0, 0, 0, 0, 0, 0, 0, 0, 0, 66102),
(151721, 0, '', 0, 0, 0, 0, 0, 0, 0, 0, 0, 0, 0, 0, 65537, 65536, 0, 0, 0, 0, 0, 49990, 0, 0, 0, 0, -1, -1, 0, 0, 0, 0, 0, -1, -1, 0, 0, 0, 0, 0, 0, 0, 1, -1, -1, 381385, -1, 0, 0, 0, 0, 0, -1, -1, 0, 0, 3313, 0, 0, 0, 0, 0, 0, 0, 0, 0, 0, 0, 0, 0, 0, 0, 0, 0, 0, 0, 0, 93423, 90806, 0, 0, 93423, 0, 0, 0, 0, 0, 0, 0, 0, 0, 0, 0, 0, 0, 0, 0, 0, 0, 0, 0, 0, 0, 0, 0, 0, 0, 0, 0, 0, 0, 0, 0, 0, 0, 0, 0, 0, 0, 0, 0, 0, 0, 0, 0, 0, 0, 0, 0, 0, 0, 0, 0, 0, 0, 0, 0, 0, 0, 0, 0, 0, 0, 0, 0, 0, 0, 0, 0, 0, 0, 0, 0, 0, 0, 0, 0, 0, 0, 0, 0, 66102),
(153339, 0, '', 0, 0, 0, 0, 0, 0, 0, 0, 0, 0, 0, 0, 0, 0, 0, 0, 0, 0, 0, 0, 0, 0, 0, 0, -1, -1, 0, 0, 0, 0, 0, -1, -1, 0, 0, 0, 0, 0, 0, 0, 1, -1, -1, 441211, -1, 0, 0, 0, 0, 0, -1, -1, 0, 0, 0, 0, 0, 0, 0, 0, 0, 0, 0, 0, 0, 0, 0, 0, 0, 0, 0, 0, 0, 0, 0, 0, 0, 0, 0, 0, 0, 0, 0, 0, 0, 0, 0, 0, 0, 0, 0, 0, 0, 0, 0, 0, 0, 0, 0, 0, 0, 0, 0, 0, 0, 0, 0, 0, 0, 0, 0, 0, 0, 0, 0, 0, 0, 0, 0, 0, 0, 0, 0, 0, 0, 0, 0, 0, 0, 0, 0, 0, 0, 0, 0, 0, 0, 0, 0, 0, 0, 0, 0, 0, 0, 0, 0, 0, 0, 0, 0, 0, 0, 0, 0, 0, 0, 0, 0, 66102);

INSERT IGNORE INTO `hotfix_data` (`Id`, `UniqueId`, `TableHash`, `RecordId`, `Status`) VALUES
(4900169, 4900169, 3108775943, 154880, 1),
(4900170, 4900170, 3108775943, 154881, 1),
(4900171, 4900171, 3108775943, 154882, 1),
(4900172, 4900172, 3108775943, 154885, 1),
(4900173, 4900173, 3108775943, 154887, 1),
(4900174, 4900174, 3108775943, 154890, 1),
(4900175, 4900175, 3108775943, 154891, 1),
(4900176, 4900176, 3108775943, 147464, 1),
(4900177, 4900177, 3108775943, 151718, 1),
(4900178, 4900178, 3108775943, 151719, 1),
(4900179, 4900179, 3108775943, 151720, 1),
(4900180, 4900180, 3108775943, 151721, 1),
(4900181, 4900181, 3108775943, 153339, 1);


-- ==========================================================
-- SoundKit (sound_kit): +6 added, ~0 modified, -0 deleted
-- ==========================================================

INSERT IGNORE INTO `sound_kit` (`ID`, `SoundType`, `VolumeFloat`, `Flags`, `MinDistance`, `DistanceCutoff`, `EAXDef`, `SoundKitAdvancedID`, `VolumeVariationPlus`, `VolumeVariationMinus`, `PitchVariationPlus`, `PitchVariationMinus`, `DialogType`, `PitchAdjust`, `BusOverwriteID`, `MaxInstances`, `SoundMixGroupID`, `VerifiedBuild`) VALUES
(342243, 25, 0.44668358564, 64, 8, 80, 0, 305657, 0, 0, 0.05946314335, 0.05612576008, 0, -0.15910369158, 0, 0, 870, 66102),
(342261, 1, 0.35481336713, 0, 30, 80, 0, 305676, 0, 0, 0, 0, 0, 0, 0, 0, 0, 66102),
(342263, 1, 0.50118720531, 8256, 30, 80, 0, 305677, 0, 0, 0, 0, 0, 0.33484017849, 0, 0, 0, 66102),
(342269, 1, 0.70794576406, 512, 8, 45, 0, 305683, 0, 0, 0, 0, 0, 0, 0, 0, 0, 66102),
(342271, 1, 0.03548133373, 512, 8, 45, 0, 305685, 0, 0, 0, 0, 0, 0, 0, 0, 0, 66102),
(342272, 1, 0.50118720531, 512, 8, 45, 0, 305686, 0, 0, 0.05946314335, 0.05612576008, 0, 0.78179824352, 0, 0, 0, 66102);

INSERT IGNORE INTO `hotfix_data` (`Id`, `UniqueId`, `TableHash`, `RecordId`, `Status`) VALUES
(4900182, 4900182, 908293937, 342243, 1),
(4900183, 4900183, 908293937, 342261, 1),
(4900184, 4900184, 908293937, 342263, 1),
(4900185, 4900185, 908293937, 342269, 1),
(4900186, 4900186, 908293937, 342271, 1),
(4900187, 4900187, 908293937, 342272, 1);


-- ==========================================================
-- Spell (spell): +24 added, ~6 modified, -0 deleted
-- ==========================================================

INSERT IGNORE INTO `spell` (`ID`, `NameSubtext`, `Description`, `AuraDescription`, `VerifiedBuild`) VALUES
(1261349, '', 'Summons and dismisses this mount.', '$?j1g[Increases ground speed by $j1g%. ][]$?j1f[Increases flight speed by $j1f%. ][]$?j1s[Increases swim speed by $j1s%. ][]', 66102),
(1266703, '', 'Summons and dismisses this mount.', '$@spellaura440513', 66102),
(1276515, '', '', '', 66102),
(1289670, '', '', '', 66102),
(1289686, '', '', '', 66102),
(1289687, '', '', 'Fixated.', 66102),
(1289689, '', '', '', 66102),
(1289690, '', '', '', 66102),
(1289691, '', '$@spelldesc1266388', '', 66102),
(1289692, '', '$@spelldesc1266388', '', 66102),
(1289693, '', '$@spelldesc1266388', '', 66102),
(1289694, '', '$@spelldesc1266388', '', 66102),
(1289697, '', '$@spelldesc1266388', '', 66102),
(1289698, '', '$@spelldesc1266388', '', 66102),
(1289699, '', '$@spelldesc1266388', '', 66102),
(1289704, '', '', 'Fixated.', 66102),
(1289760, '', '', '', 66102),
(1289766, '', 'A final spark burns in the darkest night.', 'Emboldened.', 66102),
(1289848, '', '', '', 66102),
(1289930, '', '', '', 66102),
(1290000, '', '', '', 66102),
(1290002, '', 'Nether Phantoms ambush you and strike from the shadows, inflicting $1245039s1 Shadow damage. Failing to face a phantom as it dashes instead inflicts $1245171s1 Shadow damage.', '', 66102),
(1290177, '', '', '', 66102),
(1290196, '', 'Increase Midnight Fishing skill by $s1, up to a max of 300.', '', 66102);

REPLACE INTO `spell` (`ID`, `NameSubtext`, `Description`, `AuraDescription`, `VerifiedBuild`) VALUES
(253789, '', 'Increases Avoidance$?a253789[ by $w1][].', '', 66102),
(456078, '', 'Increase Khaz Algar Fishing skill by $s1, up to a max of 300.', '', 66102),
(1229930, '', 'Recycle $M1 crafted reagents from a variety of Midnight Professions to salvage necessary components like Aetherlume and Evercores.

Specializing in Recycling can learn new recipes!

$?PC147464[][|CFF00aa00Recycling has a chance to learn new recipes.]

', '', 66102),
(1246336, '', 'Maybe you shouldn''t press this button.', 'Beaming with pride. 

You PRESSED that button and it was AWESOME. You go, you! What will you do next? Press it again? The only thing that could possibly bring you down is... dying. Wow. Ignore that.

Press the button again.', 66102),
(1246977, '', 'Pushed your luck a little too far.', '', 66102),
(1255278, '', 'Your spells and abilities have a chance to unleash vibrant vines that surge toward your target. Enemies struck take ${$s2*5} Nature damage over $1255357d. Allies are wrapped in protective flora, absorbing up to $s3 damage over $1255367d.', '', 66102);


-- ==========================================================
-- SpellAuraOptions (spell_aura_options): +0 added, ~2 modified, -0 deleted
-- ==========================================================

REPLACE INTO `spell_aura_options` (`ID`, `DifficultyID`, `CumulativeAura`, `ProcCategoryRecovery`, `ProcChance`, `ProcCharges`, `SpellProcsPerMinuteID`, `ProcTypeMask1`, `ProcTypeMask2`, `SpellID`, `VerifiedBuild`) VALUES
(25504, 0, 0, 0, 100, 0, 86, 664232, 0, 253807, 66102),
(239572, 0, 0, 5000, 100, 0, 0, 0, 4, 472741, 66102);

INSERT IGNORE INTO `hotfix_data` (`Id`, `UniqueId`, `TableHash`, `RecordId`, `Status`) VALUES
(4900188, 4900188, 4096770149, 25504, 1),
(4900189, 4900189, 4096770149, 239572, 1);


-- ==========================================================
-- SpellAuraRestrictions (spell_aura_restrictions): +1 added, ~0 modified, -1 deleted
-- ==========================================================

INSERT IGNORE INTO `spell_aura_restrictions` (`ID`, `DifficultyID`, `CasterAuraState`, `TargetAuraState`, `ExcludeCasterAuraState`, `ExcludeTargetAuraState`, `CasterAuraSpell`, `TargetAuraSpell`, `ExcludeCasterAuraSpell`, `ExcludeTargetAuraSpell`, `CasterAuraType`, `TargetAuraType`, `ExcludeCasterAuraType`, `ExcludeTargetAuraType`, `SpellID`, `VerifiedBuild`) VALUES
(24285, 0, 0, 0, 0, 0, 0, 0, 0, 1289760, 0, 0, 0, 0, 1289760, 66102);

INSERT IGNORE INTO `spell_aura_restrictions` (`ID`, `DifficultyID`, `CasterAuraState`, `TargetAuraState`, `ExcludeCasterAuraState`, `ExcludeTargetAuraState`, `CasterAuraSpell`, `TargetAuraSpell`, `ExcludeCasterAuraSpell`, `ExcludeTargetAuraSpell`, `CasterAuraType`, `TargetAuraType`, `ExcludeCasterAuraType`, `ExcludeTargetAuraType`, `SpellID`, `VerifiedBuild`) VALUES
(23918, 0, 0, 0, 0, 0, 0, 0, 0, 1276515, 0, 0, 0, 0, 1254635, 66066);

INSERT IGNORE INTO `hotfix_data` (`Id`, `UniqueId`, `TableHash`, `RecordId`, `Status`) VALUES
(4900190, 4900190, 3130494798, 24285, 1),
(4900191, 4900191, 3130494798, 23918, 1);


-- ==========================================================
-- SpellCastingRequirements (spell_casting_requirements): +1 added, ~0 modified, -0 deleted
-- ==========================================================

INSERT IGNORE INTO `spell_casting_requirements` (`ID`, `SpellID`, `FacingCasterFlags`, `MinFactionID`, `MinReputation`, `RequiredAreasID`, `RequiredAuraVision`, `RequiresSpellFocus`, `VerifiedBuild`) VALUES
(231598, 1290177, 0, 0, 0, 9055, 0, 0, 66102);

INSERT IGNORE INTO `hotfix_data` (`Id`, `UniqueId`, `TableHash`, `RecordId`, `Status`) VALUES
(4900192, 4900192, 1627543382, 231598, 1);


-- ==========================================================
-- SpellCategories (spell_categories): +5 added, ~1 modified, -1 deleted
-- ==========================================================

INSERT IGNORE INTO `spell_categories` (`ID`, `DifficultyID`, `Category`, `DefenseType`, `DiminishType`, `DispelType`, `Mechanic`, `PreventionType`, `StartRecoveryCategory`, `ChargeCategory`, `SpellID`, `VerifiedBuild`) VALUES
(177945, 0, 0, 0, 0, 0, 21, 0, 330, 0, 1261349, 66102),
(179096, 0, 0, 0, 0, 0, 21, 0, 0, 0, 1266703, 66102),
(182727, 0, 0, 1, 0, 0, 0, 0, 0, 0, 1237736, 66102),
(182772, 0, 0, 2, 0, 0, 0, 0, 0, 0, 1289689, 66102),
(182773, 0, 0, 1, 0, 2, 0, 3, 0, 0, 1289690, 66102);

REPLACE INTO `spell_categories` (`ID`, `DifficultyID`, `Category`, `DefenseType`, `DiminishType`, `DispelType`, `Mechanic`, `PreventionType`, `StartRecoveryCategory`, `ChargeCategory`, `SpellID`, `VerifiedBuild`) VALUES
(177417, 0, 0, 1, 0, 0, 0, 0, 0, 0, 1258826, 66102);

INSERT IGNORE INTO `spell_categories` (`ID`, `DifficultyID`, `Category`, `DefenseType`, `DiminishType`, `DispelType`, `Mechanic`, `PreventionType`, `StartRecoveryCategory`, `ChargeCategory`, `SpellID`, `VerifiedBuild`) VALUES
(173102, 0, 0, 1, 0, 0, 0, 0, 0, 0, 1237736, 66066);

INSERT IGNORE INTO `hotfix_data` (`Id`, `UniqueId`, `TableHash`, `RecordId`, `Status`) VALUES
(4900193, 4900193, 3689412649, 177945, 1),
(4900194, 4900194, 3689412649, 179096, 1),
(4900195, 4900195, 3689412649, 182727, 1),
(4900196, 4900196, 3689412649, 182772, 1),
(4900197, 4900197, 3689412649, 182773, 1),
(4900198, 4900198, 3689412649, 177417, 1),
(4900199, 4900199, 3689412649, 173102, 1);


-- ==========================================================
-- SpellCooldowns (spell_cooldowns): +3 added, ~0 modified, -0 deleted
-- ==========================================================

INSERT IGNORE INTO `spell_cooldowns` (`ID`, `DifficultyID`, `CategoryRecoveryTime`, `RecoveryTime`, `StartRecoveryTime`, `AuraSpellID`, `SpellID`, `VerifiedBuild`) VALUES
(99082, 0, 0, 18000, 0, 0, 1289766, 66102),
(99106, 0, 0, 6000, 0, 0, 1257724, 66102),
(99108, 0, 0, 6000, 0, 0, 1257912, 66102);

INSERT IGNORE INTO `hotfix_data` (`Id`, `UniqueId`, `TableHash`, `RecordId`, `Status`) VALUES
(4900200, 4900200, 4193483863, 99082, 1),
(4900201, 4900201, 4193483863, 99106, 1),
(4900202, 4900202, 4193483863, 99108, 1);


-- ==========================================================
-- SpellLabel (spell_label): +1 added, ~0 modified, -0 deleted
-- ==========================================================

INSERT IGNORE INTO `spell_label` (`ID`, `LabelID`, `SpellID`, `VerifiedBuild`) VALUES
(198279, 2807, 1266703, 66102);

INSERT IGNORE INTO `hotfix_data` (`Id`, `UniqueId`, `TableHash`, `RecordId`, `Status`) VALUES
(4900203, 4900203, 813076512, 198279, 1);


-- ==========================================================
-- SpellLevels (spell_levels): +2 added, ~0 modified, -0 deleted
-- ==========================================================

INSERT IGNORE INTO `spell_levels` (`ID`, `DifficultyID`, `MaxLevel`, `MaxPassiveAuraLevel`, `BaseLevel`, `SpellLevel`, `SpellID`, `VerifiedBuild`) VALUES
(150077, 0, 0, 0, 0, 0, 1261349, 66102),
(150524, 0, 0, 0, 0, 0, 1266703, 66102);

INSERT IGNORE INTO `hotfix_data` (`Id`, `UniqueId`, `TableHash`, `RecordId`, `Status`) VALUES
(4900204, 4900204, 501138918, 150077, 1),
(4900205, 4900205, 501138918, 150524, 1);


-- ==========================================================
-- SpellMisc (spell_misc): +24 added, ~41 modified, -0 deleted
-- ==========================================================

INSERT IGNORE INTO `spell_misc` (`ID`, `Attributes1`, `Attributes2`, `Attributes3`, `Attributes4`, `Attributes5`, `Attributes6`, `Attributes7`, `Attributes8`, `Attributes9`, `Attributes10`, `Attributes11`, `Attributes12`, `Attributes13`, `Attributes14`, `Attributes15`, `Attributes16`, `Attributes17`, `DifficultyID`, `CastingTimeIndex`, `DurationIndex`, `PvPDurationIndex`, `RangeIndex`, `SchoolMask`, `Speed`, `LaunchDelay`, `MinDuration`, `SpellIconFileDataID`, `ActiveIconFileDataID`, `ContentTuningID`, `ShowFutureSpellPlayerConditionID`, `SpellVisualScript`, `ActiveSpellVisualScript`, `SpellID`, `VerifiedBuild`) VALUES
(814553, 269582608, 0, 0, 0, 0, 0, 131072, 0, 4096, 0, 0, 0, 0, 0, 0, 0, 0, 0, 16, 21, 0, 1, 1, 0, 0, 0, 7414436, 0, 0, 0, 0, 0, 1261349, 66102),
(819464, 269844752, 0, 0, 536870912, 0, 0, 131072, 0, 4096, 0, 0, 0, 0, 0, 0, 0, 0, 0, 16, 21, 0, 1, 1, 0, 0, 0, 7455624, 0, 0, 0, 0, 0, 1266703, 66102),
(825327, -1390149504, 268436648, 273170436, 542572544, 8396928, 393480, 671092736, 64, 4096, 17825792, 0, 786432, 0, 0, 1048576, 0, 0, 0, 1, 21, 0, 13, 2, 0, 0, 0, 461859, 0, 0, 0, 0, 0, 1276515, 66102),
(837256, 128, 0, 0, 0, 0, 524288, 0, 0, 0, 1048576, 0, 0, 0, 0, 0, 0, 0, 0, 1, 0, 0, 1, 1, 0, 0, 0, 135888, 0, 0, 0, 0, 0, 1289670, 66102),
(837272, 0, 0, 0, 0, 1073741824, 0, 0, 0, 0, 0, 0, 0, 0, 0, 0, 0, 0, 0, 6, 31, 0, 6, 1, 0, 0, 0, 1386549, 0, 0, 0, 0, 0, 1289686, 66102),
(837273, 218103808, 168, 268451844, 1073742080, 129, 917512, 0, 0, 32, 1048576, 0, 0, 0, 33554432, 0, 0, 0, 0, 1, 564, 0, 6, 1, 0, 0, 0, 1386549, 0, 0, 0, 0, 0, 1289687, 66102),
(837275, 0, 0, 0, 0, 1073741824, 0, 0, 0, 0, 0, 0, 0, 0, 0, 0, 0, 0, 0, 19, 0, 0, 6, 1, 0, 0, 0, 5199630, 0, 0, 0, 0, 0, 1289689, 66102),
(837276, 0, 0, 0, 0, 1073741824, 256, 0, 0, 0, 0, 0, 0, 0, 0, 0, 0, 0, 0, 14, 29, 0, 6, 32, 0, 0, 0, 2961134, 0, 0, 0, 0, 0, 1289690, 66102),
(837277, 128, 0, 0, 0, 0, 0, 8192, 0, 0, 0, 0, 0, 0, 0, 0, 0, 0, 0, 1, 0, 0, 13, 106, 0, 0, 0, 7554216, 0, 0, 0, 0, 0, 1289691, 66102),
(837278, 128, 0, 0, 0, 0, 0, 8192, 0, 0, 0, 0, 0, 0, 0, 0, 0, 0, 0, 1, 0, 0, 13, 106, 0, 0, 0, 7554216, 0, 0, 0, 0, 0, 1289692, 66102),
(837279, 128, 0, 0, 0, 0, 0, 8192, 0, 0, 0, 0, 0, 0, 0, 0, 0, 0, 0, 1, 0, 0, 13, 106, 0, 0, 0, 7554216, 0, 0, 0, 0, 0, 1289693, 66102),
(837280, 128, 0, 0, 0, 0, 0, 8192, 0, 0, 0, 0, 0, 0, 0, 0, 0, 0, 0, 1, 0, 0, 13, 106, 0, 0, 0, 7554216, 0, 0, 0, 0, 0, 1289694, 66102),
(837283, 128, 0, 0, 0, 0, 0, 8192, 0, 0, 0, 0, 0, 0, 0, 0, 0, 0, 0, 1, 0, 0, 13, 106, 0, 0, 0, 7554216, 0, 0, 0, 0, 0, 1289697, 66102),
(837284, 128, 0, 0, 0, 0, 0, 8192, 0, 0, 0, 0, 0, 0, 0, 0, 0, 0, 0, 1, 0, 0, 13, 106, 0, 0, 0, 7554216, 0, 0, 0, 0, 0, 1289698, 66102),
(837285, 128, 0, 0, 0, 0, 0, 8192, 0, 0, 0, 0, 0, 0, 0, 0, 0, 0, 0, 1, 0, 0, 13, 106, 0, 0, 0, 7554216, 0, 0, 0, 0, 0, 1289699, 66102),
(837290, 218103808, 168, 268451844, 1073742080, 129, 917512, 0, 0, 32, 1048576, 0, 0, 0, 33554432, 0, 0, 0, 0, 1, 0, 0, 1, 1, 0, 0, 0, 1386549, 0, 0, 0, 0, 0, 1289704, 66102),
(837346, 757334144, 268436648, 273170436, 1145307392, 129, 1074660872, 4112, 66, 32, 1048576, 0, 0, 0, 33554432, 1048576, 0, 0, 0, 1, 21, 0, 13, 2, 0, 0, 0, 237537, 0, 0, 0, 0, 0, 1289760, 66102),
(837352, 262144, 0, 0, 1073741824, 0, 0, 16, 0, 0, 0, 0, 0, 0, 33554432, 0, 0, 0, 0, 1, 0, 0, 13, 2, 0, 0, 0, 461859, 0, 0, 0, 0, 0, 1289766, 66102),
(837431, 0, 536870912, 0, 0, 0, 0, 0, 0, 0, 0, 0, 0, 0, 0, 0, 0, 0, 0, 7, 0, 0, 13, 1, 0, 0, 0, 7137519, 0, 0, 0, 0, 0, 1289848, 66102),
(837513, 696254848, 1056, 273170437, 269681152, 10485888, 393224, 12800, 0, 0, 1048576, 1, 0, 1048576, 0, 0, 0, 0, 0, 1, 9, 0, 1, 1, 0, 0, 0, 136243, 0, 0, 0, 0, 0, 1289930, 66102),
(837584, 192, 0, 0, 0, 0, 0, 0, 0, 0, 0, 0, 4, 0, 0, 0, 0, 0, 0, 1, 0, 0, 1, 1, 0, 0, 0, 136243, 0, 0, 0, 0, 0, 1290000, 66102),
(837586, 690225408, 1192, 273170436, 1074200832, 8388736, 917768, 4096, 64, 0, 1048576, 0, 0, 0, 33554432, 0, 0, 0, 0, 1, 0, 0, 13, 1, 0, 0, 0, 132303, 0, 0, 0, 0, 0, 1290002, 66102),
(837754, 696254848, 1056, 273170437, 269681152, 8388736, 393224, 4608, 0, 0, 0, 0, 0, 0, 0, 0, 0, 0, 0, 1, 0, 0, 13, 1, 0, 0, 0, 136243, 0, 0, 0, 0, 0, 1290177, 66102),
(837773, 0, 0, 0, 0, 0, 0, 0, 0, 0, 1048576, 0, 0, 0, 0, 0, 0, 0, 0, 1, 0, 0, 1, 1, 0, 0, 0, 4620674, 0, 0, 0, 0, 0, 1290196, 66102);

REPLACE INTO `spell_misc` (`ID`, `Attributes1`, `Attributes2`, `Attributes3`, `Attributes4`, `Attributes5`, `Attributes6`, `Attributes7`, `Attributes8`, `Attributes9`, `Attributes10`, `Attributes11`, `Attributes12`, `Attributes13`, `Attributes14`, `Attributes15`, `Attributes16`, `Attributes17`, `DifficultyID`, `CastingTimeIndex`, `DurationIndex`, `PvPDurationIndex`, `RangeIndex`, `SchoolMask`, `Speed`, `LaunchDelay`, `MinDuration`, `SpellIconFileDataID`, `ActiveIconFileDataID`, `ContentTuningID`, `ShowFutureSpellPlayerConditionID`, `SpellVisualScript`, `ActiveSpellVisualScript`, `SpellID`, `VerifiedBuild`) VALUES
(237542, 192, 0, 0, 0, 0, 0, 0, 0, 4096, 0, 0, 0, 0, 1073741824, 0, 0, 0, 0, 1, 0, 0, 1, 1, 0, 0, 0, 1022950, 0, 0, 0, 0, 0, 253789, 66102),
(237555, 192, 0, 0, 0, 0, 0, 0, 0, 0, 0, 0, 4, 0, 1073741824, 0, 0, 0, 0, 1, 0, 0, 1, 1, 0, 0, 0, 1022950, 0, 0, 0, 0, 0, 253802, 66102),
(237561, 0, 0, 0, 67108864, 0, 0, 0, 0, 4096, 0, 0, 4, 0, 1073741824, 0, 0, 0, 0, 1, 29, 0, 1, 32, 0, 0, 0, 615100, 0, 0, 0, 0, 0, 253808, 66102),
(767607, 150994944, 32, 540676, 0, 2752672, 393225, 135680, 0, 32, 1067008, 4259968, 201326592, 0, 268435458, 0, 4194304, 0, 0, 1, 0, 0, 13, 4, 0, 0, 0, 136243, 0, 0, 0, 0, 0, 474768, 66102),
(768187, 0, 0, 0, 0, 1073741824, 0, 0, 0, 0, 0, 0, 0, 0, 0, 0, 0, 0, 0, 6, 31, 0, 6, 1, 0, 0, 0, 1386549, 0, 0, 0, 0, 0, 1213700, 66102),
(768850, 757334016, 1192, 273170432, 196864, 11141281, 917513, 135680, 64, 32, 1067008, 4194432, 201326592, 0, 268435458, 0, 0, 0, 0, 1, 0, 0, 13, 4, 0, 0, 0, 2115301, 0, 0, 0, 0, 0, 1214355, 66102),
(787466, 402661376, 0, 0, 0, 0, 0, 0, 0, 4096, 0, 0, 0, 0, 0, 0, 0, 0, 0, 1, 18, 0, 1, 1, 0, 0, 0, 7548956, 0, 0, 0, 0, 0, 1232924, 66102),
(788196, 671089024, 1056, 273170437, 268632576, 10485760, 393224, 8704, 0, 0, 0, 1, 0, 1048576, 0, 0, 0, 0, 0, 16, 0, 0, 1, 1, 0, 0, 0, 136243, 0, 0, 0, 0, 0, 1233653, 66102),
(791951, 262160, 512, 524288, 1024, 32768, 67108864, 0, 0, 0, 0, 0, 0, 0, 1, 0, 0, 0, 0, 1, 0, 0, 137, 16, 0, 0, 0, 1060569, 0, 0, 0, 0, 0, 1237388, 66102),
(793521, 256, 0, 0, 0, 0, 0, 0, 0, 0, 0, 0, 0, 0, 0, 0, 0, 0, 0, 1, 21, 0, 1, 1, 0, 0, 0, 237290, 0, 0, 0, 0, 0, 1238939, 66102),
(801275, 696254464, 1056, 273170437, 269681152, 8388736, 393224, 4608, 0, 128, 1048576, 0, 0, 0, 0, 0, 0, 0, 0, 1, 0, 0, 12, 1, 0, 0, 0, 136243, 0, 0, 0, 0, 0, 1246977, 66102),
(801780, 0, 136, 4, 256, 0, 524544, 0, 0, 0, 0, 0, 0, 0, 0, 0, 0, 0, 0, 1, 0, 0, 13, 4, 0, 0, 0, 135829, 0, 0, 0, 0, 0, 1247524, 66102),
(802136, 0, 805306436, 0, 1073741824, 0, 1032, 0, 0, 0, 0, 0, 1, 0, 0, 0, 0, 0, 0, 1, 225, 0, 1, 1, 0, 0, 0, 135939, 0, 0, 0, 0, 0, 1247960, 66102),
(807115, 690225536, 1192, 273170436, 4653056, 8388736, 917768, 4096, 64, 0, 1048576, 0, 0, 0, 0, 1048576, 0, 0, 0, 1, 21, 0, 13, 2, 0, 0, 0, 253400, 0, 0, 0, 0, 0, 1253104, 66102),
(807779, 690225536, 1192, 273170436, 4653056, 8388736, 917768, 4096, 64, 0, 1048576, 0, 0, 0, 33554432, 0, 0, 0, 0, 1, 32, 0, 13, 2, 0, 0, 0, 253400, 0, 0, 0, 0, 0, 1253771, 66102),
(808315, 0, 0, 536870912, 0, 0, 0, 0, 0, 4096, 0, 8192, 4, 0, 0, 0, 0, 0, 0, 1, 0, 0, 5, 36, 0, 0, 0, 1135365, 0, 0, 0, 0, 0, 1254339, 66102),
(809230, 0, 0, 0, 0, 0, 512, 0, 0, 4096, 0, 0, 4, 0, 0, 0, 0, 0, 0, 1, 31, 0, 135, 8, 0, 0, 0, 136104, 0, 0, 0, 0, 0, 1255357, 66102),
(809947, 0, 4, 0, 128, 0, 0, 0, 0, 0, 0, 0, 0, 0, 0, 0, 0, 0, 0, 1, 21, 0, 13, 1, 0, 0, 0, 135888, 0, 0, 0, 0, 0, 1256107, 66102),
(811263, 690225536, 1192, 273170436, 4653056, 8388736, 917768, 4096, 64, 0, 1048576, 0, 0, 0, 0, 0, 0, 0, 0, 1, 35, 0, 1, 1, 0, 0, 0, 136243, 0, 0, 0, 0, 0, 1257596, 66102),
(813680, 690225536, 1192, 273170436, 4653056, 8388736, 917768, 4096, 64, 0, 1048592, 0, 0, 0, 0, 0, 0, 0, 0, 1, 21, 0, 181, 1, 8, 0, 0, 136243, 0, 0, 0, 0, 0, 1260359, 66102),
(815797, 690225536, 1192, 273170436, 4653056, 8388736, 917768, 4096, 64, 0, 1048576, 0, 0, 0, 33554432, 0, 0, 0, 0, 1, 66, 0, 13, 2, 0, 0, 0, 253400, 0, 0, 0, 0, 0, 1262751, 66102),
(818111, 0, 0, 0, 256, 0, 256, 0, 0, 0, 0, 0, 0, 0, 0, 0, 0, 0, 0, 15, 0, 0, 6, 2, 0, 0, 0, 571554, 0, 0, 0, 0, 0, 1265317, 66102),
(818884, -1390149504, 1192, 273170436, 541523968, 8396928, 917768, 671100928, 64, 4096, 17825792, 0, 786432, 0, 0, 1048576, 0, 0, 0, 1, 21, 0, 13, 2, 0, 0, 0, 135433, 0, 0, 0, 0, 0, 1266113, 66102),
(819010, 0, 0, 0, 256, 0, 0, 0, 0, 0, 0, 65536, 0, 0, 0, 0, 0, 0, 0, 6, 28, 0, 1, 4, 0, 0, 0, 135799, 0, 0, 0, 0, 0, 1266241, 66102),
(819115, 150995072, 32, 16384, 65536, 8321, 393224, 8192, 0, 32, 1048592, 0, 0, 0, 0, 0, 0, 0, 0, 1, 0, 0, 13, 106, 3.5, 0, 0, 7554216, 0, 0, 0, 0, 0, 1266344, 66102),
(819158, 150995072, 32, 268976132, 0, 128, 393224, 12288, 0, 32, 1048576, 0, 0, 0, 0, 0, 0, 2, 0, 1, 0, 0, 13, 106, 0, 0, 0, 7554216, 0, 0, 0, 0, 0, 1266388, 66102),
(821098, 402661376, 0, 0, 0, 0, 0, 0, 0, 4096, 0, 0, 0, 0, 0, 0, 0, 0, 0, 1, 18, 0, 1, 1, 0, 0, 0, 7548956, 0, 0, 0, 0, 0, 1269918, 66102),
(822831, 128, 0, 0, 0, 0, 0, 8192, 0, 0, 0, 0, 0, 0, 0, 0, 0, 0, 0, 1, 0, 0, 13, 106, 0, 0, 0, 7554216, 0, 0, 0, 0, 0, 1271777, 66102),
(822841, 128, 0, 0, 0, 0, 0, 8192, 0, 0, 0, 0, 0, 0, 0, 0, 0, 0, 0, 1, 0, 0, 13, 106, 0, 0, 0, 7554216, 0, 0, 0, 0, 0, 1271789, 66102),
(822842, 128, 0, 0, 0, 0, 0, 8192, 0, 0, 0, 0, 0, 0, 0, 0, 0, 0, 0, 1, 0, 0, 13, 106, 0, 0, 0, 7554216, 0, 0, 0, 0, 0, 1271790, 66102),
(822846, 128, 0, 0, 0, 0, 0, 8192, 0, 0, 0, 0, 0, 0, 0, 0, 0, 0, 0, 1, 0, 0, 13, 106, 0, 0, 0, 7554216, 0, 0, 0, 0, 0, 1271794, 66102),
(822847, 128, 0, 0, 0, 0, 0, 8192, 0, 0, 0, 0, 0, 0, 0, 0, 0, 0, 0, 1, 0, 0, 13, 106, 0, 0, 0, 7554216, 0, 0, 0, 0, 0, 1271795, 66102),
(823925, 0, 0, 0, 256, 1073741824, 0, 0, 0, 0, 0, 0, 0, 4, 0, 0, 0, 0, 0, 6, 35, 0, 6, 32, 0, 0, 0, 7444542, 0, 0, 0, 0, 0, 1273034, 66102),
(824907, 128, 0, 0, 0, 0, 0, 8192, 0, 0, 0, 0, 0, 0, 0, 0, 0, 0, 0, 1, 0, 0, 13, 106, 0, 0, 0, 7554216, 0, 0, 0, 0, 0, 1276040, 66102),
(824908, 128, 0, 0, 0, 0, 0, 8192, 0, 0, 0, 0, 0, 0, 0, 0, 0, 0, 0, 1, 0, 0, 13, 106, 0, 0, 0, 7554216, 0, 0, 0, 0, 0, 1276041, 66102),
(825025, 150995072, 32, 16384, 65536, 8321, 393224, 8192, 0, 32, 1048592, 0, 0, 0, 0, 0, 0, 0, 16, 1, 0, 0, 13, 106, 2.5, 0, 0, 7554216, 0, 0, 0, 0, 0, 1266344, 66102),
(826461, 0, 0, 0, 0, 0, 16640, 0, 0, 0, 0, 0, 0, 0, 0, 0, 0, 0, 0, 1, 0, 0, 6, 1, 0, 0, 0, 132307, 0, 0, 0, 0, 0, 1277785, 66102),
(832619, 153354240, 1064, 273170436, 196608, 8388608, 393480, 4096, 536870976, 0, 262160, 0, 0, 0, 33554432, 0, 2048, 0, 0, 16, 0, 0, 13, 106, 0, 0, 0, 3565717, 0, 0, 0, 0, 0, 1284934, 66102),
(832896, 218103808, 168, 268451844, 1073741824, 129, 917512, 0, 0, 32, 1310720, 0, 0, 0, 33554432, 0, 0, 0, 16, 1, 589, 0, 13, 106, 0, 0, 0, 4913233, 0, 0, 0, 0, 0, 1279436, 66102),
(832900, 218103808, 168, 268451844, 1073741824, 129, 917512, 0, 0, 32, 1310720, 0, 0, 0, 33554432, 0, 0, 0, 16, 1, 589, 0, 13, 106, 0, 0, 0, 4913233, 0, 0, 0, 0, 0, 1281484, 66102),
(833525, 151257088, 168, 4734980, 1077936384, 262272, 917768, 4096, 536870976, 0, 1048576, 0, 0, 0, 0, 0, 0, 0, 0, 1, 0, 0, 13, 106, 100, 0, 0, 839977, 0, 0, 0, 0, 0, 1285827, 66102);

INSERT IGNORE INTO `hotfix_data` (`Id`, `UniqueId`, `TableHash`, `RecordId`, `Status`) VALUES
(4900206, 4900206, 3322146344, 814553, 1),
(4900207, 4900207, 3322146344, 819464, 1),
(4900208, 4900208, 3322146344, 825327, 1),
(4900209, 4900209, 3322146344, 837256, 1),
(4900210, 4900210, 3322146344, 837272, 1),
(4900211, 4900211, 3322146344, 837273, 1),
(4900212, 4900212, 3322146344, 837275, 1),
(4900213, 4900213, 3322146344, 837276, 1),
(4900214, 4900214, 3322146344, 837277, 1),
(4900215, 4900215, 3322146344, 837278, 1),
(4900216, 4900216, 3322146344, 837279, 1),
(4900217, 4900217, 3322146344, 837280, 1),
(4900218, 4900218, 3322146344, 837283, 1),
(4900219, 4900219, 3322146344, 837284, 1),
(4900220, 4900220, 3322146344, 837285, 1),
(4900221, 4900221, 3322146344, 837290, 1),
(4900222, 4900222, 3322146344, 837346, 1),
(4900223, 4900223, 3322146344, 837352, 1),
(4900224, 4900224, 3322146344, 837431, 1),
(4900225, 4900225, 3322146344, 837513, 1),
(4900226, 4900226, 3322146344, 837584, 1),
(4900227, 4900227, 3322146344, 837586, 1),
(4900228, 4900228, 3322146344, 837754, 1),
(4900229, 4900229, 3322146344, 837773, 1),
(4900230, 4900230, 3322146344, 237542, 1),
(4900231, 4900231, 3322146344, 237555, 1),
(4900232, 4900232, 3322146344, 237561, 1),
(4900233, 4900233, 3322146344, 767607, 1),
(4900234, 4900234, 3322146344, 768187, 1),
(4900235, 4900235, 3322146344, 768850, 1),
(4900236, 4900236, 3322146344, 787466, 1),
(4900237, 4900237, 3322146344, 788196, 1),
(4900238, 4900238, 3322146344, 791951, 1),
(4900239, 4900239, 3322146344, 793521, 1),
(4900240, 4900240, 3322146344, 801275, 1),
(4900241, 4900241, 3322146344, 801780, 1),
(4900242, 4900242, 3322146344, 802136, 1),
(4900243, 4900243, 3322146344, 807115, 1),
(4900244, 4900244, 3322146344, 807779, 1),
(4900245, 4900245, 3322146344, 808315, 1),
(4900246, 4900246, 3322146344, 809230, 1),
(4900247, 4900247, 3322146344, 809947, 1),
(4900248, 4900248, 3322146344, 811263, 1),
(4900249, 4900249, 3322146344, 813680, 1),
(4900250, 4900250, 3322146344, 815797, 1),
(4900251, 4900251, 3322146344, 818111, 1),
(4900252, 4900252, 3322146344, 818884, 1),
(4900253, 4900253, 3322146344, 819010, 1),
(4900254, 4900254, 3322146344, 819115, 1),
(4900255, 4900255, 3322146344, 819158, 1),
(4900256, 4900256, 3322146344, 821098, 1),
(4900257, 4900257, 3322146344, 822831, 1),
(4900258, 4900258, 3322146344, 822841, 1),
(4900259, 4900259, 3322146344, 822842, 1),
(4900260, 4900260, 3322146344, 822846, 1),
(4900261, 4900261, 3322146344, 822847, 1),
(4900262, 4900262, 3322146344, 823925, 1),
(4900263, 4900263, 3322146344, 824907, 1),
(4900264, 4900264, 3322146344, 824908, 1),
(4900265, 4900265, 3322146344, 825025, 1),
(4900266, 4900266, 3322146344, 826461, 1),
(4900267, 4900267, 3322146344, 832619, 1),
(4900268, 4900268, 3322146344, 832896, 1),
(4900269, 4900269, 3322146344, 832900, 1),
(4900270, 4900270, 3322146344, 833525, 1);


-- ==========================================================
-- SpellName (spell_name): +24 added, ~1 modified, -0 deleted
-- ==========================================================

INSERT IGNORE INTO `spell_name` (`ID`, `Name`, `VerifiedBuild`) VALUES
(1261349, 'Giganto Manis', 66102),
(1266703, 'Lab-grown Stormray', 66102),
(1276515, 'The Last Light', 66102),
(1289670, 'Shadowveil Annihilation', 66102),
(1289686, 'Unanswered Call', 66102),
(1289687, 'Unanswered Call', 66102),
(1289689, 'Tear it Down', 66102),
(1289690, 'Hopeless Curse', 66102),
(1289691, 'Dark Constellation', 66102),
(1289692, 'Dark Constellation', 66102),
(1289693, 'Dark Constellation', 66102),
(1289694, 'Dark Constellation', 66102),
(1289697, 'Dark Constellation', 66102),
(1289698, 'Dark Constellation', 66102),
(1289699, 'Dark Constellation', 66102),
(1289704, 'Unanswered Call', 66102),
(1289760, 'The Last Light', 66102),
(1289766, 'The Last Light', 66102),
(1289848, 'Create Overcharged Manacell', 66102),
(1289930, '[DNT] Demonic Language Comprehension', 66102),
(1290000, 'Velen''s Lament', 66102),
(1290002, 'Dark Massacre', 66102),
(1290177, 'Update Phase Shift and Interactions', 66102),
(1290196, 'Fishing Skill', 66102);

REPLACE INTO `spell_name` (`ID`, `Name`, `VerifiedBuild`) VALUES
(1247406, 'Portal to Eversong Woods', 66102);

INSERT IGNORE INTO `hotfix_data` (`Id`, `UniqueId`, `TableHash`, `RecordId`, `Status`) VALUES
(4900271, 4900271, 1187407512, 1261349, 1),
(4900272, 4900272, 1187407512, 1266703, 1),
(4900273, 4900273, 1187407512, 1276515, 1),
(4900274, 4900274, 1187407512, 1289670, 1),
(4900275, 4900275, 1187407512, 1289686, 1),
(4900276, 4900276, 1187407512, 1289687, 1),
(4900277, 4900277, 1187407512, 1289689, 1),
(4900278, 4900278, 1187407512, 1289690, 1),
(4900279, 4900279, 1187407512, 1289691, 1),
(4900280, 4900280, 1187407512, 1289692, 1),
(4900281, 4900281, 1187407512, 1289693, 1),
(4900282, 4900282, 1187407512, 1289694, 1),
(4900283, 4900283, 1187407512, 1289697, 1),
(4900284, 4900284, 1187407512, 1289698, 1),
(4900285, 4900285, 1187407512, 1289699, 1),
(4900286, 4900286, 1187407512, 1289704, 1),
(4900287, 4900287, 1187407512, 1289760, 1),
(4900288, 4900288, 1187407512, 1289766, 1),
(4900289, 4900289, 1187407512, 1289848, 1),
(4900290, 4900290, 1187407512, 1289930, 1),
(4900291, 4900291, 1187407512, 1290000, 1),
(4900292, 4900292, 1187407512, 1290002, 1),
(4900293, 4900293, 1187407512, 1290177, 1),
(4900294, 4900294, 1187407512, 1290196, 1),
(4900295, 4900295, 1187407512, 1247406, 1);


-- ==========================================================
-- SpellReagents (spell_reagents): +0 added, ~35 modified, -4 deleted
-- ==========================================================

REPLACE INTO `spell_reagents` (`ID`, `SpellID`, `Reagent1`, `Reagent2`, `Reagent3`, `Reagent4`, `Reagent5`, `Reagent6`, `Reagent7`, `Reagent8`, `ReagentCount1`, `ReagentCount2`, `ReagentCount3`, `ReagentCount4`, `ReagentCount5`, `ReagentCount6`, `ReagentCount7`, `ReagentCount8`, `ReagentRecraftCount1`, `ReagentRecraftCount2`, `ReagentRecraftCount3`, `ReagentRecraftCount4`, `ReagentRecraftCount5`, `ReagentRecraftCount6`, `ReagentRecraftCount7`, `ReagentRecraftCount8`, `ReagentSource1`, `ReagentSource2`, `ReagentSource3`, `ReagentSource4`, `ReagentSource5`, `ReagentSource6`, `ReagentSource7`, `ReagentSource8`, `VerifiedBuild`) VALUES
(37405, 1237550, 251665, 236951, 245345, 0, 0, 0, 0, 0, 40, 40, 20, 0, 0, 0, 0, 0, 20, 20, 0, 0, 0, 0, 0, 0, 0, 0, 1, 0, 0, 0, 0, 0, 66102),
(37408, 1237553, 251665, 236951, 245345, 0, 0, 0, 0, 0, 40, 40, 20, 0, 0, 0, 0, 0, 20, 20, 0, 0, 0, 0, 0, 0, 0, 0, 1, 0, 0, 0, 0, 0, 66102),
(37410, 1237556, 236951, 245345, 0, 0, 0, 0, 0, 0, 40, 20, 0, 0, 0, 0, 0, 0, 20, 0, 0, 0, 0, 0, 0, 0, 0, 1, 0, 0, 0, 0, 0, 0, 66102),
(37413, 1237559, 251665, 236951, 245345, 236780, 0, 0, 0, 0, 40, 40, 20, 8, 0, 0, 0, 0, 20, 20, 0, 4, 0, 0, 0, 0, 0, 0, 1, 0, 0, 0, 0, 0, 66102),
(37416, 1237562, 251665, 236951, 245345, 0, 0, 0, 0, 0, 40, 40, 20, 0, 0, 0, 0, 0, 20, 20, 0, 0, 0, 0, 0, 0, 0, 0, 1, 0, 0, 0, 0, 0, 66102),
(37419, 1237565, 251665, 236951, 245345, 238528, 0, 0, 0, 0, 40, 40, 20, 1, 0, 0, 0, 0, 20, 20, 0, 1, 0, 0, 0, 0, 0, 0, 1, 0, 0, 0, 0, 0, 66102),
(37422, 1237568, 251665, 236951, 245345, 238530, 0, 0, 0, 0, 40, 40, 20, 1, 0, 0, 0, 0, 20, 20, 0, 1, 0, 0, 0, 0, 0, 0, 1, 0, 0, 0, 0, 0, 66102),
(37425, 1237571, 251665, 236951, 245345, 238529, 0, 0, 0, 0, 40, 40, 20, 1, 0, 0, 0, 0, 20, 20, 0, 1, 0, 0, 0, 0, 0, 0, 1, 0, 0, 0, 0, 0, 66102),
(37963, 1262905, 238528, 237366, 245345, 0, 0, 0, 0, 0, 2, 2, 20, 0, 0, 0, 0, 0, 0, 0, 0, 0, 0, 0, 0, 0, 0, 0, 1, 0, 0, 0, 0, 0, 66102),
(37964, 1262919, 238528, 237366, 245345, 0, 0, 0, 0, 0, 2, 2, 20, 0, 0, 0, 0, 0, 0, 0, 0, 0, 0, 0, 0, 0, 0, 0, 1, 0, 0, 0, 0, 0, 66102),
(38048, 1264523, 253302, 238530, 245345, 0, 0, 0, 0, 0, 1, 1, 20, 0, 0, 0, 0, 0, 0, 0, 0, 0, 0, 0, 0, 0, 0, 0, 1, 0, 0, 0, 0, 0, 66102),
(38049, 1264524, 253302, 238529, 245345, 0, 0, 0, 0, 0, 1, 1, 20, 0, 0, 0, 0, 0, 0, 0, 0, 0, 0, 0, 0, 0, 0, 0, 1, 0, 0, 0, 0, 0, 66102),
(38050, 1264525, 253302, 238529, 245345, 0, 0, 0, 0, 0, 1, 1, 20, 0, 0, 0, 0, 0, 0, 0, 0, 0, 0, 0, 0, 0, 0, 0, 1, 0, 0, 0, 0, 0, 66102),
(38051, 1264526, 253302, 238528, 245345, 0, 0, 0, 0, 0, 1, 1, 20, 0, 0, 0, 0, 0, 0, 0, 0, 0, 0, 0, 0, 0, 0, 0, 1, 0, 0, 0, 0, 0, 66102),
(38052, 1264527, 253302, 238530, 245345, 0, 0, 0, 0, 0, 1, 1, 20, 0, 0, 0, 0, 0, 0, 0, 0, 0, 0, 0, 0, 0, 0, 0, 1, 0, 0, 0, 0, 0, 66102),
(38053, 1264528, 253302, 238530, 245345, 0, 0, 0, 0, 0, 1, 1, 20, 0, 0, 0, 0, 0, 0, 0, 0, 0, 0, 0, 0, 0, 0, 0, 1, 0, 0, 0, 0, 0, 66102),
(38054, 1264529, 253302, 238528, 245345, 0, 0, 0, 0, 0, 1, 1, 20, 0, 0, 0, 0, 0, 0, 0, 0, 0, 0, 0, 0, 0, 0, 0, 1, 0, 0, 0, 0, 0, 66102),
(38055, 1264551, 238528, 245345, 0, 0, 0, 0, 0, 0, 2, 20, 0, 0, 0, 0, 0, 0, 0, 0, 0, 0, 0, 0, 0, 0, 0, 1, 0, 0, 0, 0, 0, 0, 66102),
(38056, 1264644, 238530, 243060, 237366, 245345, 0, 0, 0, 0, 2, 5, 2, 20, 0, 0, 0, 0, 0, 0, 0, 0, 0, 0, 0, 0, 0, 0, 0, 1, 0, 0, 0, 0, 66102),
(38057, 1264645, 238529, 243060, 237366, 245345, 0, 0, 0, 0, 2, 5, 2, 20, 0, 0, 0, 0, 0, 0, 0, 0, 0, 0, 0, 0, 0, 0, 0, 1, 0, 0, 0, 0, 66102),
(38058, 1264646, 238528, 243060, 237366, 245345, 0, 0, 0, 0, 2, 5, 2, 20, 0, 0, 0, 0, 0, 0, 0, 0, 0, 0, 0, 0, 0, 0, 0, 1, 0, 0, 0, 0, 66102),
(38059, 1264651, 238528, 237366, 245345, 0, 0, 0, 0, 0, 2, 2, 20, 0, 0, 0, 0, 0, 0, 0, 0, 0, 0, 0, 0, 0, 0, 0, 1, 0, 0, 0, 0, 0, 66102),
(38367, 1230769, 238528, 237366, 245345, 0, 0, 0, 0, 0, 2, 2, 20, 0, 0, 0, 0, 0, 0, 1, 0, 0, 0, 0, 0, 0, 0, 0, 1, 0, 0, 0, 0, 0, 66102),
(38368, 1262899, 238528, 237366, 245345, 0, 0, 0, 0, 0, 2, 2, 20, 0, 0, 0, 0, 0, 0, 1, 0, 0, 0, 0, 0, 0, 0, 0, 1, 0, 0, 0, 0, 0, 66102),
(38434, 1236488, 245345, 237366, 0, 0, 0, 0, 0, 0, 20, 3, 0, 0, 0, 0, 0, 0, 0, 2, 0, 0, 0, 0, 0, 0, 1, 0, 0, 0, 0, 0, 0, 0, 66102),
(38435, 1242464, 245345, 0, 0, 0, 0, 0, 0, 0, 20, 0, 0, 0, 0, 0, 0, 0, 0, 0, 0, 0, 0, 0, 0, 0, 1, 0, 0, 0, 0, 0, 0, 0, 66102),
(38436, 1242463, 245345, 0, 0, 0, 0, 0, 0, 0, 20, 0, 0, 0, 0, 0, 0, 0, 0, 0, 0, 0, 0, 0, 0, 0, 1, 0, 0, 0, 0, 0, 0, 0, 66102),
(38437, 1242462, 245345, 0, 0, 0, 0, 0, 0, 0, 20, 0, 0, 0, 0, 0, 0, 0, 0, 0, 0, 0, 0, 0, 0, 0, 1, 0, 0, 0, 0, 0, 0, 0, 66102),
(38438, 1279123, 251691, 236950, 245345, 0, 0, 0, 0, 0, 2, 5, 20, 0, 0, 0, 0, 0, 0, 0, 0, 0, 0, 0, 0, 0, 0, 0, 1, 0, 0, 0, 0, 0, 66102),
(38439, 1279124, 251691, 236949, 245345, 0, 0, 0, 0, 0, 2, 5, 20, 0, 0, 0, 0, 0, 0, 0, 0, 0, 0, 0, 0, 0, 0, 0, 1, 0, 0, 0, 0, 0, 66102),
(38440, 1279125, 251691, 236951, 245345, 0, 0, 0, 0, 0, 2, 5, 20, 0, 0, 0, 0, 0, 0, 0, 0, 0, 0, 0, 0, 0, 0, 0, 1, 0, 0, 0, 0, 0, 66102),
(38442, 1279128, 251691, 236951, 245345, 0, 0, 0, 0, 0, 2, 5, 20, 0, 0, 0, 0, 0, 0, 0, 0, 0, 0, 0, 0, 0, 0, 0, 1, 0, 0, 0, 0, 0, 66102),
(38443, 1279129, 251691, 236952, 245345, 0, 0, 0, 0, 0, 2, 5, 20, 0, 0, 0, 0, 0, 0, 0, 0, 0, 0, 0, 0, 0, 0, 0, 1, 0, 0, 0, 0, 0, 66102),
(38468, 1264550, 245345, 0, 0, 0, 0, 0, 0, 0, 20, 0, 0, 0, 0, 0, 0, 0, 0, 0, 0, 0, 0, 0, 0, 0, 1, 0, 0, 0, 0, 0, 0, 0, 66102),
(38469, 1264552, 245345, 0, 0, 0, 0, 0, 0, 0, 20, 0, 0, 0, 0, 0, 0, 0, 0, 0, 0, 0, 0, 0, 0, 0, 1, 0, 0, 0, 0, 0, 0, 0, 66102);

INSERT IGNORE INTO `spell_reagents` (`ID`, `SpellID`, `Reagent1`, `Reagent2`, `Reagent3`, `Reagent4`, `Reagent5`, `Reagent6`, `Reagent7`, `Reagent8`, `ReagentCount1`, `ReagentCount2`, `ReagentCount3`, `ReagentCount4`, `ReagentCount5`, `ReagentCount6`, `ReagentCount7`, `ReagentCount8`, `ReagentRecraftCount1`, `ReagentRecraftCount2`, `ReagentRecraftCount3`, `ReagentRecraftCount4`, `ReagentRecraftCount5`, `ReagentRecraftCount6`, `ReagentRecraftCount7`, `ReagentRecraftCount8`, `ReagentSource1`, `ReagentSource2`, `ReagentSource3`, `ReagentSource4`, `ReagentSource5`, `ReagentSource6`, `ReagentSource7`, `ReagentSource8`, `VerifiedBuild`) VALUES
(35165, 1225830, 238657, 0, 0, 0, 0, 0, 0, 0, 1, 0, 0, 0, 0, 0, 0, 0, 0, 0, 0, 0, 0, 0, 0, 0, 0, 0, 0, 0, 0, 0, 0, 0, 66066),
(35166, 1225836, 238660, 0, 0, 0, 0, 0, 0, 0, 1, 0, 0, 0, 0, 0, 0, 0, 0, 0, 0, 0, 0, 0, 0, 0, 0, 0, 0, 0, 0, 0, 0, 0, 66066),
(35167, 1225835, 238659, 0, 0, 0, 0, 0, 0, 0, 1, 0, 0, 0, 0, 0, 0, 0, 0, 0, 0, 0, 0, 0, 0, 0, 0, 0, 0, 0, 0, 0, 0, 0, 66066),
(35168, 1225834, 238658, 0, 0, 0, 0, 0, 0, 0, 1, 0, 0, 0, 0, 0, 0, 0, 0, 0, 0, 0, 0, 0, 0, 0, 0, 0, 0, 0, 0, 0, 0, 0, 66066);

INSERT IGNORE INTO `hotfix_data` (`Id`, `UniqueId`, `TableHash`, `RecordId`, `Status`) VALUES
(4900296, 4900296, 2875640223, 37405, 1),
(4900297, 4900297, 2875640223, 37408, 1),
(4900298, 4900298, 2875640223, 37410, 1),
(4900299, 4900299, 2875640223, 37413, 1),
(4900300, 4900300, 2875640223, 37416, 1),
(4900301, 4900301, 2875640223, 37419, 1),
(4900302, 4900302, 2875640223, 37422, 1),
(4900303, 4900303, 2875640223, 37425, 1),
(4900304, 4900304, 2875640223, 37963, 1),
(4900305, 4900305, 2875640223, 37964, 1),
(4900306, 4900306, 2875640223, 38048, 1),
(4900307, 4900307, 2875640223, 38049, 1),
(4900308, 4900308, 2875640223, 38050, 1),
(4900309, 4900309, 2875640223, 38051, 1),
(4900310, 4900310, 2875640223, 38052, 1),
(4900311, 4900311, 2875640223, 38053, 1),
(4900312, 4900312, 2875640223, 38054, 1),
(4900313, 4900313, 2875640223, 38055, 1),
(4900314, 4900314, 2875640223, 38056, 1),
(4900315, 4900315, 2875640223, 38057, 1),
(4900316, 4900316, 2875640223, 38058, 1),
(4900317, 4900317, 2875640223, 38059, 1),
(4900318, 4900318, 2875640223, 38367, 1),
(4900319, 4900319, 2875640223, 38368, 1),
(4900320, 4900320, 2875640223, 38434, 1),
(4900321, 4900321, 2875640223, 38435, 1),
(4900322, 4900322, 2875640223, 38436, 1),
(4900323, 4900323, 2875640223, 38437, 1),
(4900324, 4900324, 2875640223, 38438, 1),
(4900325, 4900325, 2875640223, 38439, 1),
(4900326, 4900326, 2875640223, 38440, 1),
(4900327, 4900327, 2875640223, 38442, 1),
(4900328, 4900328, 2875640223, 38443, 1),
(4900329, 4900329, 2875640223, 38468, 1),
(4900330, 4900330, 2875640223, 38469, 1),
(4900331, 4900331, 2875640223, 35165, 1),
(4900332, 4900332, 2875640223, 35166, 1),
(4900333, 4900333, 2875640223, 35167, 1),
(4900334, 4900334, 2875640223, 35168, 1);


-- ==========================================================
-- SpellVisual (spell_visual): +11 added, ~2 modified, -0 deleted
-- ==========================================================

INSERT IGNORE INTO `spell_visual` (`ID`, `MissileCastOffset1`, `MissileCastOffset2`, `MissileCastOffset3`, `MissileImpactOffset1`, `MissileImpactOffset2`, `MissileImpactOffset3`, `StateKit`, `AnimEventSoundID`, `Flags`, `MissileAttachment`, `MissileDestinationAttachment`, `MissileCastPositionerID`, `MissileImpactPositionerID`, `MissileTargetingKit`, `HostileSpellVisualID`, `CasterSpellVisualID`, `SpellVisualMissileSetID`, `DamageNumberDelay`, `LowViolenceSpellVisualID`, `RaidSpellVisualMissileSetID`, `ReducedUnexpectedCameraMovementSpellVisualID`, `VerifiedBuild`) VALUES
(179985, 0, 0, 0, 0, 0, 0, 0, 0, 0, -1, 34, 0, 0, 0, 0, 0, 0, 0, 0, 0, 0, 66102),
(179986, 0, 0, 0, 0, 0, 0, 0, 0, 0, -1, 34, 0, 0, 0, 0, 0, 0, 0, 0, 0, 0, 66102),
(179987, 0, 0, 0, 0, 0, 0, 0, 0, 0, -1, 34, 0, 0, 0, 0, 0, 0, 0, 0, 0, 0, 66102),
(179988, 0, 0, 0, 0, 0, 0, 0, 0, 0, -1, 34, 0, 0, 0, 0, 0, 0, 0, 0, 0, 0, 66102),
(179990, 0, 0, 0, 0, 0, 0, 0, 0, 0, -1, 34, 0, 0, 0, 0, 0, 0, 0, 0, 0, 0, 66102),
(179991, 0, 0, 0, 0, 0, 0, 0, 0, 0, -1, 34, 0, 0, 0, 0, 0, 0, 0, 0, 0, 0, 66102),
(179992, 0, 0, 0, 0, 0, 0, 0, 0, 0, -1, 34, 0, 0, 0, 0, 0, 0, 0, 0, 0, 0, 66102),
(180034, 0, 0, 0, 0, 0, 0, 0, 0, 0, -1, 34, 0, 0, 0, 0, 0, 0, 0, 0, 0, 0, 66102),
(180106, 0, 0, 0, 0, 0, 0, 0, 0, 4, -1, 34, 0, 0, 0, 0, 0, 4803, 0, 0, 0, 0, 66102),
(180135, 0, 0, 0, 0, 0, 0, 261811, 0, 0, -1, 34, 0, 0, 0, 0, 0, 0, 0, 0, 0, 0, 66102),
(180184, 0, 0, 0, 0, 0, 0, 0, 0, 0, -1, 34, 0, 0, 0, 0, 0, 0, 0, 0, 0, 0, 66102);

REPLACE INTO `spell_visual` (`ID`, `MissileCastOffset1`, `MissileCastOffset2`, `MissileCastOffset3`, `MissileImpactOffset1`, `MissileImpactOffset2`, `MissileImpactOffset3`, `StateKit`, `AnimEventSoundID`, `Flags`, `MissileAttachment`, `MissileDestinationAttachment`, `MissileCastPositionerID`, `MissileImpactPositionerID`, `MissileTargetingKit`, `HostileSpellVisualID`, `CasterSpellVisualID`, `SpellVisualMissileSetID`, `DamageNumberDelay`, `LowViolenceSpellVisualID`, `RaidSpellVisualMissileSetID`, `ReducedUnexpectedCameraMovementSpellVisualID`, `VerifiedBuild`) VALUES
(166657, 0, 0, 0, 0, 0, 0, 175195, 0, 0, -1, 34, 0, 0, 0, 0, 0, 0, 0, 0, 0, 0, 66102),
(168089, 0, 0, 0, 0, 0, 0, 175195, 0, 0, -1, 34, 0, 0, 0, 0, 0, 0, 0, 0, 0, 0, 66102);

INSERT IGNORE INTO `hotfix_data` (`Id`, `UniqueId`, `TableHash`, `RecordId`, `Status`) VALUES
(4900335, 4900335, 4146370265, 179985, 1),
(4900336, 4900336, 4146370265, 179986, 1),
(4900337, 4900337, 4146370265, 179987, 1),
(4900338, 4900338, 4146370265, 179988, 1),
(4900339, 4900339, 4146370265, 179990, 1),
(4900340, 4900340, 4146370265, 179991, 1),
(4900341, 4900341, 4146370265, 179992, 1),
(4900342, 4900342, 4146370265, 180034, 1),
(4900343, 4900343, 4146370265, 180106, 1),
(4900344, 4900344, 4146370265, 180135, 1),
(4900345, 4900345, 4146370265, 180184, 1),
(4900346, 4900346, 4146370265, 166657, 1),
(4900347, 4900347, 4146370265, 168089, 1);


-- ==========================================================
-- SpellVisualKit (spell_visual_kit): +14 added, ~22 modified, -0 deleted
-- ==========================================================

INSERT IGNORE INTO `spell_visual_kit` (`ID`, `ClutterLevel`, `FallbackSpellVisualKitId`, `DelayMin`, `DelayMax`, `MinimumSpellVisualDensityFilterType`, `MinimumSpellVisualDensityFilterParam`, `ReducedSpellVisualDensityFilterType`, `ReducedSpellVisualDensityFilterParam`, `Flags1`, `Flags2`, `VerifiedBuild`) VALUES
(261474, 4, 0, 0, 0, 0, 0, 0, 0, 0, 0, 66102),
(261575, 0, 0, 0, 0, 0, 0, 0, 0, 0, 0, 66102),
(261591, 4, 0, 0, 0, 0, 0, 0, 0, 131072, 0, 66102),
(261592, 4, 0, 0, 0, 0, 0, 0, 0, 131072, 0, 66102),
(261593, 4, 0, 0, 0, 0, 0, 0, 0, 131072, 0, 66102),
(261594, 4, 0, 0, 0, 0, 0, 0, 0, 131072, 0, 66102),
(261599, 4, 0, 0, 0, 0, 0, 0, 0, 131072, 0, 66102),
(261600, 4, 0, 0, 0, 0, 0, 0, 0, 131072, 0, 66102),
(261601, 4, 0, 0, 0, 0, 0, 0, 0, 131072, 0, 66102),
(261667, 0, 0, 0, 0, 0, 0, 0, 0, 0, 0, 66102),
(261668, 0, 0, 0, 0, 0, 0, 0, 0, 131328, 0, 66102),
(261760, 0, 0, 0, 0, 0, 0, 0, 0, 0, 0, 66102),
(261811, 0, 0, 0, 0, 0, 0, 0, 0, 0, 0, 66102),
(261877, 0, 0, 0, 0, 0, 0, 0, 0, 0, 0, 66102);

REPLACE INTO `spell_visual_kit` (`ID`, `ClutterLevel`, `FallbackSpellVisualKitId`, `DelayMin`, `DelayMax`, `MinimumSpellVisualDensityFilterType`, `MinimumSpellVisualDensityFilterParam`, `ReducedSpellVisualDensityFilterType`, `ReducedSpellVisualDensityFilterParam`, `Flags1`, `Flags2`, `VerifiedBuild`) VALUES
(235133, 0, 0, 0, 0, 0, 0, 0, 0, 1075184128, 0, 66102),
(235134, 0, 0, 0, 0, 0, 0, 0, 0, 1074923008, 0, 66102),
(239979, 4, 0, 0, 0, 0, 0, 0, 0, 0, 0, 66102),
(239982, 4, 0, 0, 0, 0, 0, 0, 0, 0, 0, 66102),
(239984, 4, 0, 0, 0, 0, 0, 0, 0, 0, 0, 66102),
(239985, 4, 0, 0, 0, 0, 0, 0, 0, 0, 0, 66102),
(239987, 4, 0, 0, 0, 0, 0, 0, 0, 0, 0, 66102),
(247748, 4, 0, 0, 0, 0, 0, 0, 0, 131072, 0, 66102),
(247749, 4, 0, 0, 0, 0, 0, 0, 0, 131072, 0, 66102),
(247750, 4, 0, 0, 0, 0, 0, 0, 0, 131072, 0, 66102),
(247752, 4, 0, 0, 0, 0, 0, 0, 0, 131072, 0, 66102),
(247753, 4, 0, 0, 0, 0, 0, 0, 0, 131072, 0, 66102),
(247754, 4, 0, 0, 0, 0, 0, 0, 0, 131072, 0, 66102),
(247755, 4, 0, 0, 0, 0, 0, 0, 0, 131072, 0, 66102),
(247756, 4, 0, 0, 0, 0, 0, 0, 0, 131072, 0, 66102),
(247757, 4, 0, 0, 0, 0, 0, 0, 0, 131072, 0, 66102),
(258297, 0, 0, 0, 0, 0, 0, 0, 0, 8192, 0, 66102),
(259409, 4, 0, 0, 0, 0, 0, 0, 0, 0, 0, 66102),
(259410, 4, 0, 0, 0, 0, 0, 0, 0, 0, 0, 66102),
(259411, 4, 0, 0, 0, 0, 0, 0, 0, 0, 0, 66102),
(259412, 4, 0, 0, 0, 0, 0, 0, 0, 0, 0, 66102),
(259413, 4, 0, 0, 0, 0, 0, 0, 0, 0, 0, 66102);

INSERT IGNORE INTO `hotfix_data` (`Id`, `UniqueId`, `TableHash`, `RecordId`, `Status`) VALUES
(4900348, 4900348, 4102286043, 261474, 1),
(4900349, 4900349, 4102286043, 261575, 1),
(4900350, 4900350, 4102286043, 261591, 1),
(4900351, 4900351, 4102286043, 261592, 1),
(4900352, 4900352, 4102286043, 261593, 1),
(4900353, 4900353, 4102286043, 261594, 1),
(4900354, 4900354, 4102286043, 261599, 1),
(4900355, 4900355, 4102286043, 261600, 1),
(4900356, 4900356, 4102286043, 261601, 1),
(4900357, 4900357, 4102286043, 261667, 1),
(4900358, 4900358, 4102286043, 261668, 1),
(4900359, 4900359, 4102286043, 261760, 1),
(4900360, 4900360, 4102286043, 261811, 1),
(4900361, 4900361, 4102286043, 261877, 1),
(4900362, 4900362, 4102286043, 235133, 1),
(4900363, 4900363, 4102286043, 235134, 1),
(4900364, 4900364, 4102286043, 239979, 1),
(4900365, 4900365, 4102286043, 239982, 1),
(4900366, 4900366, 4102286043, 239984, 1),
(4900367, 4900367, 4102286043, 239985, 1),
(4900368, 4900368, 4102286043, 239987, 1),
(4900369, 4900369, 4102286043, 247748, 1),
(4900370, 4900370, 4102286043, 247749, 1),
(4900371, 4900371, 4102286043, 247750, 1),
(4900372, 4900372, 4102286043, 247752, 1),
(4900373, 4900373, 4102286043, 247753, 1),
(4900374, 4900374, 4102286043, 247754, 1),
(4900375, 4900375, 4102286043, 247755, 1),
(4900376, 4900376, 4102286043, 247756, 1),
(4900377, 4900377, 4102286043, 247757, 1),
(4900378, 4900378, 4102286043, 258297, 1),
(4900379, 4900379, 4102286043, 259409, 1),
(4900380, 4900380, 4102286043, 259410, 1),
(4900381, 4900381, 4102286043, 259411, 1),
(4900382, 4900382, 4102286043, 259412, 1),
(4900383, 4900383, 4102286043, 259413, 1);


-- ==========================================================
-- SpellXSpellVisual (spell_x_spell_visual): +16 added, ~3 modified, -0 deleted
-- ==========================================================

INSERT IGNORE INTO `spell_x_spell_visual` (`ID`, `DifficultyID`, `SpellVisualID`, `Probability`, `SpellIconFileID`, `Priority`, `ActiveIconFileID`, `ViewerUnitConditionID`, `ViewerPlayerConditionID`, `CasterUnitConditionID`, `CasterPlayerConditionID`, `SpellID`, `VerifiedBuild`) VALUES
(499428, 0, 171031, 1, 0, 0, 0, 0, 0, 0, 0, 1261349, 66102),
(502941, 0, 170963, 1, 0, 0, 0, 0, 0, 0, 0, 1266703, 66102),
(515284, 0, 154074, 1, 0, 0, 0, 0, 0, 0, 0, 1289686, 66102),
(515285, 0, 154132, 1, 0, 0, 0, 0, 0, 0, 0, 1289687, 66102),
(515286, 0, 154137, 1, 0, 0, 0, 0, 0, 0, 0, 1289689, 66102),
(515287, 0, 154100, 1, 0, 0, 0, 0, 0, 0, 0, 1289690, 66102),
(515288, 0, 179985, 1, 0, 0, 0, 0, 0, 0, 0, 1289691, 66102),
(515289, 0, 179986, 1, 0, 0, 0, 0, 0, 0, 0, 1289692, 66102),
(515290, 0, 179987, 1, 0, 0, 0, 0, 0, 0, 0, 1289693, 66102),
(515291, 0, 179988, 1, 0, 0, 0, 0, 0, 0, 0, 1289694, 66102),
(515294, 0, 179990, 1, 0, 0, 0, 0, 0, 0, 0, 1289697, 66102),
(515295, 0, 179991, 1, 0, 0, 0, 0, 0, 0, 0, 1289698, 66102),
(515296, 0, 179992, 1, 0, 0, 0, 0, 0, 0, 0, 1289699, 66102),
(515355, 0, 180034, 1, 0, 0, 0, 0, 0, 0, 0, 1289766, 66102),
(515593, 0, 15654, 1, 0, 0, 0, 0, 0, 0, 0, 1260359, 66102),
(515618, 0, 52614, 1, 0, 0, 0, 0, 0, 0, 0, 1290196, 66102);

REPLACE INTO `spell_x_spell_visual` (`ID`, `DifficultyID`, `SpellVisualID`, `Probability`, `SpellIconFileID`, `Priority`, `ActiveIconFileID`, `ViewerUnitConditionID`, `ViewerPlayerConditionID`, `CasterUnitConditionID`, `CasterPlayerConditionID`, `SpellID`, `VerifiedBuild`) VALUES
(409035, 0, 180184, 1, 0, 0, 0, 0, 0, 0, 0, 420095, 66102),
(504022, 0, 281, 1, 0, 0, 0, 0, 0, 0, 0, 1269918, 66102),
(504023, 0, 281, 1, 0, 0, 0, 0, 0, 0, 0, 1269919, 66102);

INSERT IGNORE INTO `hotfix_data` (`Id`, `UniqueId`, `TableHash`, `RecordId`, `Status`) VALUES
(4900384, 4900384, 666345498, 499428, 1),
(4900385, 4900385, 666345498, 502941, 1),
(4900386, 4900386, 666345498, 515284, 1),
(4900387, 4900387, 666345498, 515285, 1),
(4900388, 4900388, 666345498, 515286, 1),
(4900389, 4900389, 666345498, 515287, 1),
(4900390, 4900390, 666345498, 515288, 1),
(4900391, 4900391, 666345498, 515289, 1),
(4900392, 4900392, 666345498, 515290, 1),
(4900393, 4900393, 666345498, 515291, 1),
(4900394, 4900394, 666345498, 515294, 1),
(4900395, 4900395, 666345498, 515295, 1),
(4900396, 4900396, 666345498, 515296, 1),
(4900397, 4900397, 666345498, 515355, 1),
(4900398, 4900398, 666345498, 515593, 1),
(4900399, 4900399, 666345498, 515618, 1),
(4900400, 4900400, 666345498, 409035, 1),
(4900401, 4900401, 666345498, 504022, 1),
(4900402, 4900402, 666345498, 504023, 1);


-- ==========================================================
-- Vehicle (vehicle): +1 added, ~1 modified, -0 deleted
-- ==========================================================

INSERT IGNORE INTO `vehicle` (`ID`, `Flags`, `FlagsB`, `TurnSpeed`, `PitchSpeed`, `PitchMin`, `PitchMax`, `MouseLookOffsetPitch`, `CameraFadeDistScalarMin`, `CameraFadeDistScalarMax`, `CameraPitchOffset`, `FacingLimitRight`, `FacingLimitLeft`, `CameraYawOffset`, `VehicleUIIndicatorID`, `MissileTargetingID`, `VehiclePOITypeID`, `SeatID1`, `SeatID2`, `SeatID3`, `SeatID4`, `SeatID5`, `SeatID6`, `SeatID7`, `SeatID8`, `PowerDisplayID1`, `PowerDisplayID2`, `PowerDisplayID3`, `VerifiedBuild`) VALUES
(9381, 1075974247, 0, 1.745329e-05, 1.745329e-05, 0, 0, 0.78539818525, 1, 1.5, 0, 0, 0, 0, 0, 0, 0, 26171, 0, 0, 0, 0, 0, 0, 0, 0, 0, 0, 66102);

REPLACE INTO `vehicle` (`ID`, `Flags`, `FlagsB`, `TurnSpeed`, `PitchSpeed`, `PitchMin`, `PitchMax`, `MouseLookOffsetPitch`, `CameraFadeDistScalarMin`, `CameraFadeDistScalarMax`, `CameraPitchOffset`, `FacingLimitRight`, `FacingLimitLeft`, `CameraYawOffset`, `VehicleUIIndicatorID`, `MissileTargetingID`, `VehiclePOITypeID`, `SeatID1`, `SeatID2`, `SeatID3`, `SeatID4`, `SeatID5`, `SeatID6`, `SeatID7`, `SeatID8`, `PowerDisplayID1`, `PowerDisplayID2`, `PowerDisplayID3`, `VerifiedBuild`) VALUES
(9105, 1073745959, 0, 3.14159274101, 3.14159274101, 0, 0, 0.78539818525, 1, 1.5, 0, 0, 0, 0, 0, 0, 0, 25514, 25515, 0, 0, 0, 0, 0, 0, 0, 0, 0, 66102);

INSERT IGNORE INTO `hotfix_data` (`Id`, `UniqueId`, `TableHash`, `RecordId`, `Status`) VALUES
(4900403, 4900403, 178219711, 9381, 1),
(4900404, 4900404, 178219711, 9105, 1);


-- ==========================================================
-- VehicleSeat (vehicle_seat): +1 added, ~3 modified, -0 deleted
-- ==========================================================

INSERT IGNORE INTO `vehicle_seat` (`ID`, `Flags`, `FlagsB`, `FlagsC`, `AttachmentID`, `EnterPreDelay`, `EnterSpeed`, `EnterGravity`, `EnterMinDuration`, `EnterMaxDuration`, `EnterMinArcHeight`, `EnterMaxArcHeight`, `EnterAnimStart`, `EnterAnimLoop`, `RideAnimStart`, `RideAnimLoop`, `RideUpperAnimStart`, `RideUpperAnimLoop`, `ExitPreDelay`, `ExitSpeed`, `ExitGravity`, `ExitMinDuration`, `ExitMaxDuration`, `ExitMinArcHeight`, `ExitMaxArcHeight`, `ExitAnimStart`, `ExitAnimLoop`, `ExitAnimEnd`, `VehicleEnterAnim`, `VehicleEnterAnimBone`, `VehicleExitAnim`, `VehicleExitAnimBone`, `VehicleRideAnimLoop`, `VehicleRideAnimLoopBone`, `PassengerAttachmentID`, `PassengerYaw`, `PassengerPitch`, `PassengerRoll`, `VehicleEnterAnimDelay`, `VehicleExitAnimDelay`, `VehicleAbilityDisplay`, `EnterUISoundID`, `ExitUISoundID`, `UiSkinFileDataID`, `CameraEnteringDelay`, `CameraEnteringDuration`, `CameraExitingDelay`, `CameraExitingDuration`, `CameraPosChaseRate`, `CameraFacingChaseRate`, `CameraEnteringZoom`, `CameraSeatZoomMin`, `CameraSeatZoomMax`, `EnterAnimKitID`, `RideAnimKitID`, `ExitAnimKitID`, `VehicleEnterAnimKitID`, `VehicleRideAnimKitID`, `VehicleExitAnimKitID`, `CameraModeID`, `VerifiedBuild`) VALUES
(26171, 34620416, 34078721, 524416, 2, 0, 7, 19.29000091553, 0, 0, 1, 4, 37, 38, -1, 102, 128, 123, 0, 7, 19.29000091553, 0, 0, 1, 4, 37, 38, 39, -1, -1, -1, -1, -1, -1, -1, 0, 0, 0, 0, 0, 1, 0, 0, 0, 0, 0, 0, 0, 0, 0, 0, 0, 0, 0, 0, 0, 0, 0, 0, 0, 66102);

REPLACE INTO `vehicle_seat` (`ID`, `Flags`, `FlagsB`, `FlagsC`, `AttachmentID`, `EnterPreDelay`, `EnterSpeed`, `EnterGravity`, `EnterMinDuration`, `EnterMaxDuration`, `EnterMinArcHeight`, `EnterMaxArcHeight`, `EnterAnimStart`, `EnterAnimLoop`, `RideAnimStart`, `RideAnimLoop`, `RideUpperAnimStart`, `RideUpperAnimLoop`, `ExitPreDelay`, `ExitSpeed`, `ExitGravity`, `ExitMinDuration`, `ExitMaxDuration`, `ExitMinArcHeight`, `ExitMaxArcHeight`, `ExitAnimStart`, `ExitAnimLoop`, `ExitAnimEnd`, `VehicleEnterAnim`, `VehicleEnterAnimBone`, `VehicleExitAnim`, `VehicleExitAnimBone`, `VehicleRideAnimLoop`, `VehicleRideAnimLoopBone`, `PassengerAttachmentID`, `PassengerYaw`, `PassengerPitch`, `PassengerRoll`, `VehicleEnterAnimDelay`, `VehicleExitAnimDelay`, `VehicleAbilityDisplay`, `EnterUISoundID`, `ExitUISoundID`, `UiSkinFileDataID`, `CameraEnteringDelay`, `CameraEnteringDuration`, `CameraExitingDelay`, `CameraExitingDuration`, `CameraPosChaseRate`, `CameraFacingChaseRate`, `CameraEnteringZoom`, `CameraSeatZoomMin`, `CameraSeatZoomMax`, `EnterAnimKitID`, `RideAnimKitID`, `ExitAnimKitID`, `VehicleEnterAnimKitID`, `VehicleRideAnimKitID`, `VehicleExitAnimKitID`, `CameraModeID`, `VerifiedBuild`) VALUES
(25514, 34604032, 33554432, 16, 2, 0, 7, 19.29000091553, 0, 0, 1, 4, 37, 38, -1, 102, 128, 123, 0, 7, 19.29000091553, 0, 0, 1, 4, 37, 38, 39, -1, -1, -1, -1, -1, -1, -1, 0, 0, 0, 0, 0, 1, 0, 0, 0, 0, 0, 0, 0, 0, 0, 0, 0, 0, 0, 0, 0, 0, 0, 0, 0, 66102),
(25515, 34604032, 33554432, 16, 2, 0, 7, 19.29000091553, 0, 0, 1, 4, 37, 38, -1, 102, 128, 123, 0, 7, 19.29000091553, 0, 0, 1, 4, 37, 38, 39, -1, -1, -1, -1, -1, -1, -1, 0, 0, 0, 0, 0, 1, 0, 0, 0, 0, 0, 0, 0, 0, 0, 0, 0, 0, 0, 0, 0, 0, 0, 0, 0, 66102),
(25840, 1073774601, 33554464, 40, 0, 0, 30, 20, 0, 0, 1, 4, -1, -1, -1, -1, -1, -1, 0, 30, 10, 0, 0, 1, 4, -1, -1, -1, -1, -1, -1, -1, -1, -1, -1, 0, 0, 0, 0, 0, 1, 0, 0, 0, 0, 0, 0, 0, 0, 0, 0, 0, 0, 0, 0, 0, 0, 0, 0, 0, 66102);

INSERT IGNORE INTO `hotfix_data` (`Id`, `UniqueId`, `TableHash`, `RecordId`, `Status`) VALUES
(4900405, 4900405, 3567803627, 26171, 1),
(4900406, 4900406, 3567803627, 25514, 1),
(4900407, 4900407, 3567803627, 25515, 1),
(4900408, 4900408, 3567803627, 25840, 1);


-- ==========================================================
-- SUMMARY: +214 added, ~213 modified, -12 deleted
-- hotfix_data Id range: 4900000 - 4900408
-- ==========================================================
